Date,Open,High,Low,Close,Adj Close,Volume
2021-11-18,0.995200,0.995200,0.995200,0.995200,0.995200,0
2021-11-19,0.993000,0.998000,0.992000,0.997000,0.997000,648450
2021-11-22,0.999000,1.000000,0.995000,0.995000,0.995000,477520
2021-11-23,0.995000,1.007000,0.995000,1.000000,1.000000,854620
2021-11-24,1.018000,1.018000,1.003000,1.004000,1.004000,470720
2021-11-25,1.001000,1.010000,1.001000,1.003000,1.003000,842100
2021-11-26,1.007000,1.007000,0.994000,0.997000,0.997000,1117280
2021-11-29,0.993000,0.993000,0.983000,0.983000,0.983000,468180
2021-11-30,0.985000,0.990000,0.965000,0.965000,0.965000,804940
2021-12-01,0.960000,0.974000,0.960000,0.973000,0.973000,406870
2021-12-02,0.970000,0.970000,0.962000,0.962000,0.962000,659220
2021-12-03,0.962000,0.971000,0.960000,0.967000,0.967000,134870
2021-12-06,0.969000,0.976000,0.968000,0.968000,0.968000,386790
2021-12-07,0.975000,0.978000,0.974000,0.978000,0.978000,200980
2021-12-08,0.979000,0.979000,0.972000,0.974000,0.974000,119120
2021-12-09,0.976000,0.982000,0.976000,0.982000,0.982000,104220
2021-12-10,0.982000,0.982000,0.975000,0.978000,0.978000,42070
2021-12-13,0.982000,0.984000,0.977000,0.977000,0.977000,134900
2021-12-14,0.977000,0.981000,0.977000,0.980000,0.980000,105120
2021-12-15,0.990000,0.990000,0.970000,0.970000,0.970000,310950
2021-12-16,0.971000,0.976000,0.971000,0.974000,0.974000,84950
2021-12-17,0.973000,0.973000,0.969000,0.969000,0.969000,96600
2021-12-20,0.967000,0.967000,0.961000,0.961000,0.961000,105670
2021-12-21,0.965000,0.968000,0.965000,0.965000,0.965000,131200
2021-12-22,0.971000,0.971000,0.961000,0.961000,0.961000,139470
2021-12-23,0.965000,0.967000,0.965000,0.965000,0.965000,4010
2021-12-24,0.970000,0.971000,0.970000,0.970000,0.970000,90330
2021-12-27,0.970000,0.974000,0.968000,0.974000,0.974000,67740
2021-12-28,0.975000,0.980000,0.975000,0.977000,0.977000,51150
2021-12-29,0.983000,0.985000,0.978000,0.980000,0.980000,61140
2021-12-30,0.982000,0.985000,0.982000,0.982000,0.982000,55660
2021-12-31,0.986000,0.990000,0.986000,0.990000,0.990000,17720
2022-01-03,0.990000,0.990000,0.982000,0.982000,0.982000,202430
2022-01-04,0.985000,0.987000,0.974000,0.976000,0.976000,228290
2022-01-05,0.980000,0.980000,0.968000,0.968000,0.968000,152470
2022-01-06,0.970000,0.970000,0.961000,0.961000,0.961000,48070
2022-01-07,0.961000,0.961000,0.957000,0.958000,0.958000,2286400
2022-01-10,0.958000,0.958000,0.949000,0.949000,0.949000,443670
2022-01-11,0.953000,0.953000,0.948000,0.949000,0.949000,151250
2022-01-12,0.949000,0.951000,0.947000,0.949000,0.949000,16930
2022-01-13,0.951000,0.961000,0.949000,0.952000,0.952000,324090
2022-01-14,0.953000,0.953000,0.951000,0.951000,0.951000,8750
2022-01-17,0.952000,0.956000,0.950000,0.952000,0.952000,295576
2022-01-18,0.953000,0.957000,0.952000,0.953000,0.953000,25930
2022-01-19,0.989000,0.989000,0.953000,0.953000,0.953000,142100
2022-01-20,0.956000,0.959000,0.956000,0.959000,0.959000,7600
2022-01-21,0.959000,0.959000,0.955000,0.957000,0.957000,12740
2022-01-24,0.965000,0.965000,0.950000,0.950000,0.950000,81298
2022-01-25,0.951000,0.951000,0.938000,0.942000,0.942000,81758
2022-01-26,0.962000,0.962000,0.942000,0.947000,0.947000,30988
2022-01-27,0.947000,0.947000,0.931000,0.932000,0.932000,109035
2022-01-28,0.932000,0.932000,0.921000,0.921000,0.921000,142176
2022-01-31,0.930000,0.931000,0.930000,0.930000,0.930000,1760
2022-02-03,0.926000,0.939000,0.926000,0.939000,0.939000,21919
2022-02-04,0.939000,0.943000,0.935000,0.939000,0.939000,160532
2022-02-07,0.939000,0.939000,0.933000,0.934000,0.934000,48911
2022-02-08,0.935000,0.940000,0.935000,0.938000,0.938000,4693
2022-02-09,0.948000,0.948000,0.945000,0.948000,0.948000,47914
2022-02-10,0.948000,0.956000,0.947000,0.956000,0.956000,61787
2022-02-11,0.950000,0.951000,0.947000,0.950000,0.950000,110636
2022-02-14,0.955000,0.955000,0.939000,0.939000,0.939000,58557
2022-02-15,0.940000,0.951000,0.940000,0.950000,0.950000,104730
2022-02-16,0.949000,0.954000,0.948000,0.954000,0.954000,8830
2022-02-17,0.960000,0.960000,0.954000,0.954000,0.954000,6401
2022-02-18,0.951000,0.959000,0.951000,0.952000,0.952000,22263
2022-02-21,0.946000,0.962000,0.946000,0.960000,0.960000,161725
2022-02-22,0.953000,0.953000,0.949000,0.949000,0.949000,213304
2022-02-23,0.970000,0.970000,0.949000,0.961000,0.961000,105
2022-02-24,0.956000,0.956000,0.930000,0.931000,0.931000,171038
2022-02-25,0.931000,0.958000,0.931000,0.945000,0.945000,11067
2022-02-28,0.940000,0.940000,0.940000,0.940000,0.940000,150
2022-03-01,0.941000,0.955000,0.941000,0.955000,0.955000,12797
2022-03-02,0.964000,0.964000,0.954000,0.963000,0.963000,53753
2022-03-03,0.965000,0.967000,0.959000,0.963000,0.963000,159413
2022-03-04,0.968000,0.968000,0.952000,0.960000,0.960000,56886
2022-03-07,0.959000,0.959000,0.948000,0.952000,0.952000,67306
2022-03-08,0.950000,0.953000,0.937000,0.938000,0.938000,342865
2022-03-09,0.958000,0.958000,0.942000,0.948000,0.948000,419815
2022-03-10,0.953000,0.963000,0.953000,0.963000,0.963000,65515
2022-03-11,0.960000,0.967000,0.960000,0.966000,0.966000,97550
2022-03-14,0.966000,0.966000,0.966000,0.966000,0.966000,0
2022-03-15,0.954000,0.956000,0.948000,0.949000,0.949000,410200
2022-03-16,0.974000,0.974000,0.954000,0.961000,0.961000,443271
2022-03-17,0.966000,0.975000,0.965000,0.975000,0.975000,55250
2022-03-18,0.975000,0.980000,0.975000,0.976000,0.976000,63518
2022-03-21,0.980000,0.985000,0.976000,0.985000,0.985000,83653
2022-03-22,0.990000,0.990000,0.989000,0.990000,0.990000,154050
2022-03-23,0.993000,0.993000,0.980000,0.980000,0.980000,2702
2022-03-24,0.988000,0.991000,0.988000,0.991000,0.991000,88001
2022-03-25,0.990000,0.998000,0.990000,0.992000,0.992000,168509
2022-03-28,0.995000,0.999000,0.991000,0.991000,0.991000,218044
2022-03-29,0.995000,1.001000,0.995000,0.997000,0.997000,521921
2022-03-30,0.997000,1.000000,0.997000,0.998000,0.998000,46668
2022-03-31,1.000000,1.000000,0.998000,0.998000,0.998000,40750
2022-04-01,0.999000,1.002000,0.995000,1.002000,1.002000,165797
2022-04-04,1.001000,1.004000,0.999000,1.004000,1.004000,215597
2022-04-05,1.005000,1.008000,1.001000,1.008000,1.008000,294857
2022-04-06,1.008000,1.018000,1.000000,1.002000,1.002000,205649
2022-04-07,1.000000,1.000000,0.993000,0.994000,0.994000,12962
2022-04-08,0.994000,0.997000,0.990000,0.997000,0.997000,125600
2022-04-11,0.996000,0.996000,0.984000,0.985000,0.985000,176099
2022-04-12,0.985000,0.985000,0.983000,0.984000,0.984000,111073
2022-04-13,0.985000,0.987000,0.985000,0.985000,0.985000,51898
2022-04-14,0.990000,0.990000,0.985000,0.985000,0.985000,22700
2022-04-18,0.990000,0.990000,0.982000,0.985000,0.985000,138220
2022-04-19,0.986000,0.987000,0.984000,0.984000,0.984000,131281
2022-04-20,1.009000,1.009000,0.988000,0.988000,0.988000,109
2022-04-21,0.988000,0.993000,0.988000,0.993000,0.993000,2016
2022-04-22,0.990000,0.999000,0.988000,0.999000,0.999000,165340
2022-04-25,0.999000,0.999000,0.990000,0.990000,0.990000,50844
2022-04-26,0.990000,0.990000,0.988000,0.988000,0.988000,2210
2022-04-27,0.986000,0.986000,0.982000,0.984000,0.984000,13730
2022-04-28,0.985000,0.990000,0.985000,0.990000,0.990000,10000
2022-04-29,0.987000,0.996000,0.987000,0.996000,0.996000,25000
2022-05-04,0.992000,0.992000,0.980000,0.981000,0.981000,73955
2022-05-05,0.981000,0.981000,0.977000,0.977000,0.977000,907319
2022-05-06,0.979000,0.979000,0.966000,0.966000,0.966000,50591
2022-05-09,0.966000,0.968000,0.964000,0.964000,0.964000,18855
2022-05-10,0.964000,0.977000,0.948000,0.948000,0.948000,333877
2022-05-11,1.000000,1.000000,0.947000,0.947000,0.947000,22026
2022-05-12,0.945000,0.945000,0.928000,0.930000,0.930000,176657
2022-05-13,0.930000,0.944000,0.930000,0.940000,0.940000,24000
2022-05-17,0.950000,0.950000,0.940000,0.949000,0.949000,1062133
2022-05-18,0.952000,0.953000,0.947000,0.948000,0.948000,107080
2022-05-19,0.950000,0.950000,0.938000,0.938000,0.938000,73876
2022-05-20,0.951000,0.951000,0.945000,0.950000,0.950000,12351
2022-05-23,0.946000,0.952000,0.946000,0.947000,0.947000,7478
2022-05-24,0.947000,0.947000,0.938000,0.938000,0.938000,40809
2022-05-25,0.937000,0.938000,0.935000,0.935000,0.935000,20315
2022-05-26,0.937000,0.937000,0.933000,0.933000,0.933000,25781
2022-05-27,0.933000,0.936000,0.931000,0.932000,0.932000,4017
2022-05-30,0.942000,0.953000,0.942000,0.951000,0.951000,7300
2022-05-31,0.955000,0.955000,0.951000,0.951000,0.951000,64360
2022-06-01,0.979000,0.979000,0.948000,0.949000,0.949000,38789
2022-06-02,0.948000,0.948000,0.946000,0.947000,0.947000,9500
2022-06-03,0.947000,0.953000,0.947000,0.953000,0.953000,269621
2022-06-06,0.956000,0.959000,0.948000,0.954000,0.954000,146512
2022-06-07,0.954000,0.956000,0.952000,0.955000,0.955000,151738
2022-06-08,0.959000,0.960000,0.956000,0.960000,0.960000,86473
2022-06-09,0.960000,0.960000,0.960000,0.960000,0.960000,11005
2022-06-10,0.955000,0.955000,0.951000,0.951000,0.951000,358373
2022-06-13,0.942000,0.952000,0.938000,0.939000,0.939000,94811
2022-06-14,0.939000,0.939000,0.924000,0.924000,0.924000,619917
2022-06-15,0.936000,0.936000,0.930000,0.931000,0.931000,44359
2022-06-16,0.966000,0.966000,0.930000,0.930000,0.930000,63469
2022-06-17,0.927000,0.929000,0.922000,0.929000,0.929000,219922
2022-06-20,0.935000,0.940000,0.932000,0.932000,0.932000,204682
2022-06-21,0.936000,0.938000,0.936000,0.938000,0.938000,296
2022-06-22,0.937000,0.937000,0.935000,0.935000,0.935000,6105
2022-06-23,0.945000,0.945000,0.943000,0.943000,0.943000,125600
2022-06-24,0.947000,0.950000,0.946000,0.947000,0.947000,11222
2022-06-27,0.960000,0.960000,0.953000,0.955000,0.955000,8648
2022-06-28,0.955000,0.960000,0.950000,0.950000,0.950000,12673
2022-06-29,0.959000,0.960000,0.950000,0.959000,0.959000,59412
2022-06-30,0.953000,0.955000,0.943000,0.943000,0.943000,266353
2022-07-01,0.943000,0.945000,0.942000,0.942000,0.942000,57078
2022-07-04,0.947000,0.947000,0.942000,0.943000,0.943000,154969
2022-07-05,0.947000,0.960000,0.929000,0.929000,0.929000,29916
2022-07-06,0.936000,0.942000,0.934000,0.938000,0.938000,17528
2022-07-07,0.940000,0.942000,0.928000,0.940000,0.940000,92086
2022-07-08,0.945000,0.948000,0.941000,0.946000,0.946000,39710
2022-07-12,0.948000,0.950000,0.936000,0.941000,0.941000,134927
2022-07-13,0.940000,0.948000,0.940000,0.948000,0.948000,75374
2022-07-14,0.944000,0.944000,0.931000,0.933000,0.933000,105664
2022-07-15,0.939000,0.942000,0.934000,0.939000,0.939000,696807
2022-07-18,0.939000,0.943000,0.936000,0.943000,0.943000,638437
2022-07-19,0.929000,0.929000,0.911000,0.911000,0.911000,300771
2022-07-20,0.920000,0.920000,0.908000,0.911000,0.911000,137619
2022-07-21,0.912000,0.914000,0.910000,0.914000,0.914000,24875
2022-07-22,0.914000,0.923000,0.914000,0.917000,0.917000,19302
2022-07-25,0.928000,0.928000,0.919000,0.919000,0.919000,3937
2022-07-26,0.921000,0.930000,0.921000,0.929000,0.929000,17902
2022-07-27,0.933000,0.937000,0.933000,0.937000,0.937000,6180
2022-07-28,0.937000,0.941000,0.933000,0.941000,0.941000,95638
2022-07-29,0.941000,0.947000,0.941000,0.944000,0.944000,147910
2022-08-01,0.946000,0.953000,0.946000,0.947000,0.947000,475087
2022-08-02,0.952000,0.952000,0.940000,0.940000,0.940000,23690
2022-08-03,0.941000,0.946000,0.938000,0.942000,0.942000,44223
2022-08-04,0.944000,0.962000,0.944000,0.956000,0.956000,372053
2022-08-05,0.959000,0.959000,0.950000,0.950000,0.950000,230296
2022-08-08,0.950000,0.953000,0.948000,0.949000,0.949000,330905
2022-08-10,0.955000,0.960000,0.953000,0.954000,0.954000,128269
2022-08-11,0.954000,0.964000,0.954000,0.963000,0.963000,16949
2022-08-12,0.963000,0.963000,0.958000,0.958000,0.958000,103400
2022-08-15,0.962000,0.962000,0.962000,0.962000,0.962000,21
2022-08-16,0.959000,0.959000,0.955000,0.955000,0.955000,304809
2022-08-17,0.960000,0.960000,0.956000,0.956000,0.956000,646266
2022-08-18,0.956000,0.961000,0.956000,0.961000,0.961000,395033
2022-08-19,0.959000,0.959000,0.954000,0.954000,0.954000,402827
2022-08-22,0.952000,0.952000,0.950000,0.951000,0.951000,71430
2022-08-23,0.951000,0.951000,0.937000,0.938000,0.938000,274097
2022-08-24,0.955000,0.955000,0.930000,0.935000,0.935000,267230
2022-08-25,0.935000,0.937000,0.930000,0.934000,0.934000,652759
2022-08-26,0.938000,0.940000,0.935000,0.937000,0.937000,249614
2022-08-29,0.950000,0.950000,0.927000,0.928000,0.928000,331371
2022-08-30,0.928000,0.933000,0.927000,0.929000,0.929000,426243
2022-08-31,0.929000,0.929000,0.919000,0.920000,0.920000,308927
2022-09-01,0.920000,0.922000,0.920000,0.920000,0.920000,332770
2022-09-02,0.954000,0.954000,0.914000,0.915000,0.915000,286702
2022-09-05,0.917000,0.921000,0.917000,0.920000,0.920000,217230
2022-09-06,0.921000,0.925000,0.919000,0.923000,0.923000,337119
2022-09-07,0.955000,0.955000,0.914000,0.918000,0.918000,252194
2022-09-08,0.930000,0.934000,0.926000,0.926000,0.926000,468257
2022-09-09,0.931000,0.943000,0.931000,0.943000,0.943000,109617
2022-09-12,0.937000,0.940000,0.937000,0.940000,0.940000,78370
2022-09-13,0.942000,0.942000,0.940000,0.940000,0.940000,69100
2022-09-14,0.928000,0.928000,0.925000,0.925000,0.925000,178018
2022-09-15,0.930000,0.930000,0.925000,0.926000,0.926000,515339
2022-09-16,0.926000,0.926000,0.920000,0.922000,0.922000,117237
2022-09-19,0.930000,0.930000,0.923000,0.926000,0.926000,208812
2022-09-20,0.928000,0.930000,0.926000,0.927000,0.927000,110719
2022-09-21,0.924000,0.924000,0.918000,0.919000,0.919000,236702
2022-09-22,0.915000,0.915000,0.909000,0.910000,0.910000,257671
2022-09-23,0.910000,0.910000,0.897000,0.899000,0.899000,457313
2022-09-26,0.896000,0.899000,0.879000,0.882000,0.882000,394893
2022-09-27,0.880000,0.883000,0.866000,0.872000,0.872000,189701
2022-09-28,0.866000,0.866000,0.845000,0.846000,0.846000,66163
2022-09-29,0.870000,0.870000,0.845000,0.845000,0.845000,35011
2022-09-30,0.845000,0.849000,0.833000,0.849000,0.849000,174921
2022-10-03,0.867000,0.867000,0.840000,0.840000,0.840000,28956
2022-10-04,0.840000,0.840000,0.840000,0.840000,0.840000,0
2022-10-05,0.866000,0.866000,0.863000,0.863000,0.863000,13599
2022-10-06,0.861000,0.870000,0.857000,0.857000,0.857000,7397
2022-10-07,0.865000,0.865000,0.851000,0.851000,0.851000,132014
2022-10-10,0.850000,0.850000,0.837000,0.837000,0.837000,163597
2022-10-11,0.840000,0.846000,0.840000,0.842000,0.842000,15857
2022-10-12,0.842000,0.845000,0.834000,0.834000,0.834000,28619
2022-10-13,0.833000,0.833000,0.817000,0.817000,0.817000,162999
2022-10-14,0.820000,0.842000,0.805000,0.805000,0.805000,208736
2022-10-17,0.805000,0.810000,0.792000,0.805000,0.805000,111054
2022-10-18,0.809000,0.819000,0.809000,0.810000,0.810000,93464
2022-10-19,0.807000,0.807000,0.791000,0.793000,0.793000,237994
2022-10-20,0.790000,0.800000,0.789000,0.794000,0.794000,271750
2022-10-21,0.786000,0.786000,0.769000,0.769000,0.769000,63703
2022-10-25,0.770000,0.781000,0.770000,0.781000,0.781000,315574
2022-10-26,0.779000,0.811000,0.779000,0.807000,0.807000,7920
2022-10-27,0.812000,0.819000,0.809000,0.810000,0.810000,2274004
2022-10-28,0.815000,0.816000,0.808000,0.810000,0.810000,244550
2022-10-31,0.818000,0.820000,0.795000,0.796000,0.796000,814802
2022-11-01,0.809000,0.811000,0.809000,0.811000,0.811000,1750
2022-11-02,0.814000,0.814000,0.814000,0.814000,0.814000,320
2022-11-03,0.800000,0.800000,0.790000,0.790000,0.790000,95951
2022-11-04,0.787000,0.798000,0.786000,0.796000,0.796000,7004
2022-11-07,0.801000,0.801000,0.793000,0.798000,0.798000,3810
2022-11-08,0.794000,0.798000,0.793000,0.796000,0.796000,3405
2022-11-09,0.800000,0.807000,0.799000,0.807000,0.807000,173016
2022-11-10,0.807000,0.807000,0.806000,0.806000,0.806000,86724
2022-11-11,0.830000,0.844000,0.830000,0.842000,0.842000,46021
2022-11-14,0.842000,0.859000,0.842000,0.850000,0.850000,311517
2022-11-15,0.855000,0.860000,0.854000,0.855000,0.855000,169645
2022-11-16,0.850000,0.858000,0.845000,0.857000,0.857000,309254
2022-11-17,0.857000,0.857000,0.852000,0.852000,0.852000,27000
2022-11-18,0.851000,0.851000,0.851000,0.851000,0.851000,6190
2022-11-21,0.851000,0.851000,0.841000,0.841000,0.841000,15579
2022-11-22,0.844000,0.845000,0.838000,0.840000,0.840000,100897
2022-11-23,0.844000,0.844000,0.829000,0.829000,0.829000,16398
2022-11-24,0.828000,0.828000,0.828000,0.828000,0.828000,2000
2022-11-25,0.831000,0.834000,0.831000,0.831000,0.831000,82700
2022-11-28,0.831000,0.833000,0.831000,0.833000,0.833000,660
2022-11-29,0.832000,0.843000,0.832000,0.843000,0.843000,5525
2022-11-30,0.846000,0.846000,0.845000,0.845000,0.845000,87945
2022-12-01,0.845000,0.845000,0.845000,0.845000,0.845000,0
2022-12-02,0.845000,0.845000,0.837000,0.837000,0.837000,85849
2022-12-05,0.837000,0.850000,0.837000,0.850000,0.850000,6781
2022-12-06,0.850000,0.850000,0.850000,0.850000,0.850000,5398
2022-12-07,0.850000,0.850000,0.845000,0.845000,0.845000,24467
2022-12-08,0.845000,0.847000,0.845000,0.845000,0.845000,207628
2022-12-09,0.845000,0.845000,0.842000,0.842000,0.842000,23961
2022-12-12,0.850000,0.850000,0.840000,0.840000,0.840000,1516
2022-12-13,0.842000,0.843000,0.839000,0.839000,0.839000,10072
2022-12-14,0.840000,0.854000,0.840000,0.851000,0.851000,750571
2022-12-15,0.848000,0.854000,0.844000,0.854000,0.854000,394700
2022-12-16,0.845000,0.853000,0.845000,0.845000,0.845000,122620
2022-12-19,0.845000,0.845000,0.838000,0.841000,0.841000,63319
2022-12-20,0.838000,0.838000,0.828000,0.828000,0.828000,37690
2022-12-21,0.828000,0.831000,0.828000,0.831000,0.831000,207348
2022-12-22,0.841000,0.841000,0.834000,0.834000,0.834000,11883
2022-12-23,0.828000,0.831000,0.825000,0.831000,0.831000,23266
2022-12-27,0.831000,0.831000,0.831000,0.831000,0.831000,16
2022-12-28,0.835000,0.838000,0.834000,0.834000,0.834000,66479
2022-12-29,0.834000,0.834000,0.830000,0.834000,0.834000,68430
2022-12-30,0.841000,0.844000,0.840000,0.844000,0.844000,3463
2023-01-03,0.839000,0.842000,0.832000,0.842000,0.842000,69261
2023-01-04,0.843000,0.844000,0.840000,0.844000,0.844000,145146
2023-01-05,0.848000,0.850000,0.848000,0.850000,0.850000,367
2023-01-06,0.845000,0.845000,0.838000,0.840000,0.840000,98644
2023-01-09,0.844000,0.844000,0.844000,0.844000,0.844000,1000
2023-01-10,0.846000,0.847000,0.842000,0.844000,0.844000,113230
2023-01-11,0.846000,0.850000,0.846000,0.847000,0.847000,286958
2023-01-12,0.845000,0.847000,0.845000,0.845000,0.845000,8180
2023-01-13,0.850000,0.850000,0.848000,0.849000,0.849000,35100
2023-01-16,0.850000,0.851000,0.850000,0.851000,0.851000,5300
2023-01-17,0.854000,0.854000,0.854000,0.854000,0.854000,1000
2023-01-18,0.858000,0.864000,0.858000,0.861000,0.861000,85900
2023-01-19,0.860000,0.860000,0.849000,0.850000,0.850000,20446
2023-01-20,0.850000,0.850000,0.850000,0.850000,0.850000,0
2023-01-25,0.870000,0.870000,0.869000,0.869000,0.869000,126200
2023-01-26,0.865000,0.880000,0.865000,0.880000,0.880000,31301
2023-01-27,0.880000,0.888000,0.880000,0.888000,0.888000,34392
2023-01-30,0.900000,0.900000,0.888000,0.888000,0.888000,82786
2023-01-31,0.886000,0.891000,0.883000,0.883000,0.883000,125956
2023-02-01,0.883000,0.888000,0.881000,0.888000,0.888000,1319
2023-02-02,0.892000,0.898000,0.892000,0.896000,0.896000,116003
2023-02-03,0.901000,0.907000,0.901000,0.907000,0.907000,80667
2023-02-06,0.907000,0.907000,0.893000,0.895000,0.895000,136876
2023-02-07,0.891000,0.891000,0.885000,0.885000,0.885000,6040
2023-02-08,0.888000,0.888000,0.884000,0.885000,0.885000,67326
2023-02-09,0.884000,0.884000,0.878000,0.878000,0.878000,140311
2023-02-10,0.872000,0.872000,0.868000,0.870000,0.870000,33349
2023-02-13,0.869000,0.869000,0.865000,0.865000,0.865000,85689
2023-02-14,0.865000,0.865000,0.861000,0.864000,0.864000,21878
2023-02-15,0.861000,0.861000,0.852000,0.852000,0.852000,304689
2023-02-16,0.862000,0.866000,0.862000,0.863000,0.863000,27539
2023-02-17,0.860000,0.867000,0.860000,0.860000,0.860000,11103
2023-02-20,0.863000,0.866000,0.863000,0.863000,0.863000,10415
2023-02-21,0.863000,0.863000,0.863000,0.863000,0.863000,1500
2023-02-22,0.853000,0.857000,0.853000,0.854000,0.854000,186758
2023-02-23,0.859000,0.859000,0.859000,0.859000,0.859000,69750
2023-02-24,0.865000,0.868000,0.864000,0.866000,0.866000,88340
2023-02-27,0.865000,0.865000,0.860000,0.860000,0.860000,33837
2023-02-28,0.863000,0.865000,0.861000,0.863000,0.863000,77360
2023-03-01,0.865000,0.868000,0.864000,0.866000,0.866000,142538
2023-03-02,0.865000,0.865000,0.859000,0.859000,0.859000,3242
2023-03-03,0.859000,0.859000,0.859000,0.859000,0.859000,0
2023-03-06,0.856000,0.856000,0.852000,0.855000,0.855000,14365
2023-03-07,0.855000,0.861000,0.855000,0.861000,0.861000,64221
2023-03-08,0.880000,0.880000,0.845000,0.845000,0.845000,5065962
2023-03-09,0.845000,0.845000,0.842000,0.842000,0.842000,230819
2023-03-10,0.842000,0.842000,0.835000,0.836000,0.836000,47879
2023-03-13,0.835000,0.836000,0.830000,0.830000,0.830000,7207
2023-03-14,0.820000,0.844000,0.815000,0.844000,0.844000,277207
2023-03-15,0.845000,0.856000,0.845000,0.854000,0.854000,133725
2023-03-16,0.860000,0.860000,0.858000,0.860000,0.860000,126001
2023-03-17,0.860000,0.862000,0.860000,0.860000,0.860000,231
2023-03-20,0.860000,0.860000,0.846000,0.848000,0.848000,171130
2023-03-21,0.848000,0.858000,0.848000,0.852000,0.852000,63100
2023-03-22,0.852000,0.856000,0.852000,0.856000,0.856000,1985
2023-03-23,0.853000,0.853000,0.852000,0.852000,0.852000,81718
2023-03-24,0.858000,0.858000,0.854000,0.854000,0.854000,1878
2023-03-27,0.860000,0.866000,0.860000,0.860000,0.860000,255337
2023-03-28,0.860000,0.860000,0.860000,0.860000,0.860000,2017
2023-03-29,0.858000,0.858000,0.857000,0.858000,0.858000,1688
2023-03-30,0.855000,0.855000,0.851000,0.851000,0.851000,367900
2023-03-31,0.853000,0.865000,0.853000,0.865000,0.865000,1793
2023-04-03,0.878000,0.883000,0.878000,0.883000,0.883000,147859
2023-04-04,0.883000,0.885000,0.882000,0.884000,0.884000,107419
2023-04-05,0.878000,0.888000,0.878000,0.888000,0.888000,234001
2023-04-06,0.889000,0.889000,0.875000,0.875000,0.875000,148654
2023-04-10,0.875000,0.877000,0.875000,0.877000,0.877000,1001
2023-04-11,0.877000,0.886000,0.875000,0.882000,0.882000,74565
2023-04-12,0.878000,0.880000,0.875000,0.875000,0.875000,9345
2023-04-13,0.871000,0.880000,0.871000,0.880000,0.880000,4069
2023-04-14,0.882000,0.885000,0.880000,0.884000,0.884000,289519
2023-04-17,0.884000,0.885000,0.883000,0.883000,0.883000,64702
2023-04-18,0.885000,0.885000,0.884000,0.884000,0.884000,4600
2023-04-19,0.880000,0.880000,0.875000,0.877000,0.877000,219500
2023-04-20,0.884000,0.884000,0.882000,0.882000,0.882000,67075
2023-04-21,0.879000,0.882000,0.873000,0.880000,0.880000,73020
2023-04-24,0.877000,0.895000,0.877000,0.879000,0.879000,249420
2023-04-25,0.879000,0.879000,0.873000,0.873000,0.873000,5744
2023-04-26,0.877000,0.878000,0.874000,0.876000,0.876000,464510
2023-04-27,0.876000,0.876000,0.871000,0.873000,0.873000,64813
2023-04-28,0.872000,0.872000,0.872000,0.872000,0.872000,300
2023-05-02,0.872000,0.884000,0.870000,0.870000,0.870000,3550
2023-05-03,0.867000,0.867000,0.864000,0.867000,0.867000,105108
2023-05-04,0.867000,0.876000,0.867000,0.876000,0.876000,6530
2023-05-05,0.876000,0.876000,0.874000,0.874000,0.874000,3180
2023-05-08,0.878000,0.883000,0.878000,0.878000,0.878000,32491
2023-05-09,0.876000,0.876000,0.871000,0.871000,0.871000,55721
2023-05-10,0.871000,0.871000,0.867000,0.867000,0.867000,1981
2023-05-11,0.871000,0.872000,0.866000,0.867000,0.867000,229150
2023-05-12,0.863000,0.865000,0.862000,0.865000,0.865000,70933
2023-05-15,0.864000,0.866000,0.864000,0.865000,0.865000,63769
2023-05-16,0.863000,0.863000,0.854000,0.854000,0.854000,395519
2023-05-17,0.854000,0.854000,0.846000,0.846000,0.846000,16526
2023-05-18,0.852000,0.854000,0.852000,0.854000,0.854000,6230
2023-05-19,0.854000,0.854000,0.846000,0.846000,0.846000,83549
2023-05-22,0.848000,0.851000,0.848000,0.848000,0.848000,64923
2023-05-23,0.852000,0.853000,0.849000,0.849000,0.849000,16375
2023-05-24,0.850000,0.850000,0.845000,0.845000,0.845000,702
2023-05-25,0.845000,0.845000,0.836000,0.836000,0.836000,133194
2023-05-26,0.834000,0.842000,0.834000,0.842000,0.842000,74622
2023-05-29,0.842000,0.851000,0.841000,0.842000,0.842000,134753
2023-05-30,0.842000,0.846000,0.839000,0.843000,0.843000,1098
2023-05-31,0.839000,0.839000,0.837000,0.837000,0.837000,69680
2023-06-01,0.845000,0.845000,0.845000,0.845000,0.845000,24
2023-06-05,0.846000,0.852000,0.845000,0.847000,0.847000,4648
2023-06-06,0.844000,0.844000,0.837000,0.837000,0.837000,65888
2023-06-07,0.836000,0.843000,0.836000,0.841000,0.841000,72863
2023-06-08,0.841000,0.841000,0.832000,0.832000,0.832000,120765
2023-06-09,0.831000,0.832000,0.828000,0.828000,0.828000,121212
2023-06-12,0.834000,0.834000,0.831000,0.832000,0.832000,12190
2023-06-13,0.833000,0.834000,0.828000,0.829000,0.829000,30433
2023-06-14,0.837000,0.844000,0.837000,0.844000,0.844000,14000
2023-06-15,0.844000,0.854000,0.842000,0.854000,0.854000,5716
2023-06-16,0.858000,0.862000,0.858000,0.862000,0.862000,31000
2023-06-19,0.854000,0.854000,0.850000,0.850000,0.850000,126094
2023-06-20,0.850000,0.856000,0.850000,0.856000,0.856000,60326
2023-06-21,0.855000,0.855000,0.851000,0.851000,0.851000,86610
2023-06-22,0.850000,0.850000,0.839000,0.843000,0.843000,133300
2023-06-23,0.838000,0.842000,0.832000,0.832000,0.832000,89180
2023-06-26,0.835000,0.835000,0.828000,0.828000,0.828000,49704
2023-06-27,0.833000,0.836000,0.833000,0.836000,0.836000,87042
2023-06-28,0.840000,0.840000,0.839000,0.840000,0.840000,193060
2023-06-30,0.840000,0.843000,0.838000,0.843000,0.843000,19071
2023-07-03,0.843000,0.850000,0.843000,0.850000,0.850000,63306
2023-07-04,0.849000,0.852000,0.848000,0.850000,0.850000,72287
2023-07-05,0.851000,0.851000,0.846000,0.846000,0.846000,4571
2023-07-06,0.840000,0.845000,0.837000,0.837000,0.837000,3152
2023-07-07,0.833000,0.833000,0.828000,0.828000,0.828000,19117
2023-07-10,0.828000,0.884000,0.828000,0.829000,0.829000,197322
2023-07-11,0.843000,0.843000,0.835000,0.835000,0.835000,111291
2023-07-12,0.838000,0.846000,0.838000,0.846000,0.846000,47741
2023-07-13,0.849000,0.860000,0.849000,0.860000,0.860000,61858
2023-07-14,0.867000,0.867000,0.861000,0.863000,0.863000,282620
2023-07-17,0.860000,0.865000,0.854000,0.865000,0.865000,1417
2023-07-18,0.863000,0.863000,0.858000,0.863000,0.863000,92864
2023-07-19,0.845000,0.845000,0.825000,0.829000,0.829000,5062039
2023-07-20,0.833000,0.834000,0.829000,0.832000,0.832000,69098
2023-07-21,0.830000,0.835000,0.830000,0.835000,0.835000,93233
2023-07-24,0.831000,0.831000,0.829000,0.831000,0.831000,14850
2023-07-25,0.832000,0.839000,0.832000,0.839000,0.839000,32057
2023-07-26,0.838000,0.843000,0.838000,0.843000,0.843000,22300
2023-07-27,0.837000,0.841000,0.835000,0.841000,0.841000,80016
2023-07-28,0.841000,0.841000,0.836000,0.836000,0.836000,5018021
2023-07-31,0.836000,0.836000,0.827000,0.828000,0.828000,36819
2023-08-01,0.828000,0.828000,0.828000,0.828000,0.828000,1702
2023-08-02,0.833000,0.833000,0.820000,0.820000,0.820000,72483
2023-08-03,0.820000,0.820000,0.817000,0.817000,0.817000,76981
2023-08-04,0.816000,0.817000,0.814000,0.815000,0.815000,78463
2023-08-07,0.817000,0.820000,0.815000,0.819000,0.819000,14348
2023-08-08,0.823000,0.823000,0.815000,0.820000,0.820000,110928
2023-08-10,0.820000,0.823000,0.817000,0.823000,0.823000,238908
2023-08-11,0.821000,0.821000,0.814000,0.814000,0.814000,76479
2023-08-14,0.814000,0.814000,0.803000,0.807000,0.807000,82208
2023-08-15,0.807000,0.807000,0.803000,0.803000,0.803000,24176
2023-08-16,0.802000,0.802000,0.797000,0.801000,0.801000,125526
2023-08-17,0.798000,0.801000,0.798000,0.801000,0.801000,30625
2023-08-18,0.800000,0.801000,0.797000,0.800000,0.800000,5886
2023-08-21,0.802000,0.802000,0.792000,0.792000,0.792000,63550
2023-08-22,0.794000,0.794000,0.785000,0.791000,0.791000,107006
2023-08-23,0.795000,0.796000,0.795000,0.795000,0.795000,3481
2023-08-24,0.800000,0.800000,0.795000,0.798000,0.798000,27505
2023-08-25,0.800000,0.801000,0.796000,0.801000,0.801000,2850
2023-08-28,0.801000,0.805000,0.801000,0.803000,0.803000,82139
2023-08-29,0.808000,0.808000,0.802000,0.802000,0.802000,84690
2023-08-30,0.805000,0.810000,0.805000,0.807000,0.807000,88233
2023-08-31,0.808000,0.811000,0.808000,0.810000,0.810000,86616
2023-09-04,0.810000,0.810000,0.808000,0.808000,0.808000,12300
2023-09-05,0.808000,0.811000,0.804000,0.808000,0.808000,100019
2023-09-06,0.807000,0.808000,0.803000,0.803000,0.803000,38095
2023-09-07,0.803000,0.803000,0.799000,0.799000,0.799000,14900
2023-09-08,0.804000,0.804000,0.801000,0.804000,0.804000,20107
2023-09-11,0.805000,0.806000,0.804000,0.805000,0.805000,258610
2023-09-12,0.807000,0.807000,0.804000,0.804000,0.804000,115500
2023-09-13,0.803000,0.803000,0.800000,0.800000,0.800000,43604
2023-09-14,0.799000,0.804000,0.799000,0.801000,0.801000,21200
2023-09-15,0.809000,0.817000,0.805000,0.817000,0.817000,54522
2023-09-18,0.810000,0.814000,0.807000,0.814000,0.814000,26619
2023-09-19,0.809000,0.811000,0.805000,0.806000,0.806000,68101
2023-09-20,0.806000,0.806000,0.806000,0.806000,0.806000,63000
2023-09-21,0.804000,0.804000,0.795000,0.795000,0.795000,34761
2023-09-22,0.790000,0.805000,0.785000,0.793000,0.793000,275700
2023-09-25,0.792000,0.796000,0.790000,0.796000,0.796000,6487
2023-09-26,0.791000,0.791000,0.785000,0.785000,0.785000,45441
2023-09-27,0.785000,0.785000,0.776000,0.776000,0.776000,69860
2023-09-28,0.776000,0.776000,0.770000,0.770000,0.770000,37701
2023-09-29,0.775000,0.780000,0.775000,0.779000,0.779000,100700
2023-10-02,0.780000,0.780000,0.766000,0.766000,0.766000,110227
2023-10-03,0.768000,0.768000,0.761000,0.765000,0.765000,224422
2023-10-04,0.765000,0.765000,0.749000,0.749000,0.749000,133239
2023-10-05,0.764000,0.764000,0.759000,0.759000,0.759000,89560
2023-10-06,0.759000,0.759000,0.749000,0.751000,0.751000,229501
2023-10-09,0.782000,0.782000,0.748000,0.748000,0.748000,122180
2023-10-10,0.763000,0.763000,0.758000,0.763000,0.763000,65390
2023-10-11,0.761000,0.761000,0.758000,0.758000,0.758000,67106
2023-10-12,0.762000,0.773000,0.762000,0.769000,0.769000,67633
2023-10-13,0.761000,0.761000,0.758000,0.761000,0.761000,7922
2023-10-16,0.761000,0.761000,0.756000,0.756000,0.756000,140534
2023-10-17,0.755000,0.756000,0.755000,0.755000,0.755000,19859
2023-10-18,0.752000,0.752000,0.742000,0.742000,0.742000,158649
2023-10-19,0.740000,0.740000,0.728000,0.729000,0.729000,139300
2023-10-20,0.730000,0.730000,0.716000,0.716000,0.716000,262253
2023-10-23,0.716000,0.723000,0.712000,0.714000,0.714000,174019
2023-10-24,0.719000,0.723000,0.715000,0.723000,0.723000,82161
2023-10-25,0.730000,0.730000,0.716000,0.716000,0.716000,30527
2023-10-26,0.712000,0.713000,0.708000,0.710000,0.710000,105671
2023-10-27,0.712000,0.715000,0.711000,0.714000,0.714000,87714
2023-10-30,0.715000,0.719000,0.712000,0.719000,0.719000,134175
2023-10-31,0.719000,0.724000,0.718000,0.724000,0.724000,134700
2023-11-01,0.725000,0.725000,0.723000,0.723000,0.723000,2700
2023-11-02,0.723000,0.740000,0.723000,0.740000,0.740000,27617
2023-11-03,0.740000,0.760000,0.740000,0.759000,0.759000,142619
2023-11-06,0.760000,0.768000,0.760000,0.768000,0.768000,85752
2023-11-07,0.768000,0.768000,0.758000,0.758000,0.758000,10337
2023-11-08,0.746000,0.770000,0.746000,0.748000,0.748000,26457
2023-11-09,0.750000,0.756000,0.748000,0.749000,0.749000,310035
2023-11-10,0.745000,0.745000,0.742000,0.744000,0.744000,77818
2023-11-14,0.751000,0.752000,0.745000,0.752000,0.752000,216877
2023-11-15,0.764000,0.782000,0.764000,0.780000,0.780000,144200
2023-11-16,0.779000,0.779000,0.770000,0.775000,0.775000,387877
2023-11-17,0.767000,0.771000,0.766000,0.771000,0.771000,47385
2023-11-20,0.770000,0.779000,0.770000,0.778000,0.778000,45424
2023-11-21,0.778000,0.787000,0.778000,0.783000,0.783000,49000
2023-11-22,0.783000,0.783000,0.779000,0.782000,0.782000,272244
2023-11-23,0.782000,0.790000,0.782000,0.790000,0.790000,57909
2023-11-24,0.786000,0.786000,0.781000,0.785000,0.785000,255250
2023-11-27,0.785000,0.785000,0.780000,0.784000,0.784000,22813
2023-11-28,0.783000,0.783000,0.774000,0.775000,0.775000,26030
2023-11-29,0.775000,0.780000,0.775000,0.780000,0.780000,229825
2023-11-30,0.783000,0.783000,0.773000,0.773000,0.773000,25658
2023-12-01,0.776000,0.781000,0.776000,0.781000,0.781000,24754
2023-12-04,0.781000,0.794000,0.781000,0.788000,0.788000,152062
2023-12-05,0.790000,0.790000,0.783000,0.783000,0.783000,250238
2023-12-06,0.790000,0.790000,0.785000,0.787000,0.787000,317380
2023-12-07,0.794000,0.794000,0.790000,0.793000,0.793000,30272
2023-12-08,0.793000,0.800000,0.793000,0.796000,0.796000,100779
2023-12-11,0.795000,0.799000,0.795000,0.797000,0.797000,404087
2023-12-12,0.797000,0.801000,0.797000,0.800000,0.800000,196019
2023-12-13,0.800000,0.803000,0.797000,0.800000,0.800000,253681
2023-12-14,0.810000,0.830000,0.810000,0.821000,0.821000,631415
2023-12-15,0.830000,0.832000,0.826000,0.826000,0.826000,5035030
2023-12-18,0.826000,0.826000,0.808000,0.816000,0.816000,153748
2023-12-19,0.816000,0.820000,0.812000,0.817000,0.817000,66855
2023-12-20,0.816000,0.816000,0.812000,0.813000,0.813000,31314
2023-12-21,0.812000,0.819000,0.809000,0.818000,0.818000,36206
2023-12-22,0.818000,0.823000,0.818000,0.822000,0.822000,93335
2023-12-26,0.830000,0.830000,0.820000,0.822000,0.822000,74921
2023-12-27,0.826000,0.832000,0.825000,0.830000,0.830000,71242
2023-12-28,0.835000,0.840000,0.835000,0.838000,0.838000,27602
2023-12-29,0.840000,0.845000,0.837000,0.842000,0.842000,42741
2024-01-02,0.846000,0.847000,0.835000,0.835000,0.835000,83541
2024-01-03,0.835000,0.836000,0.830000,0.836000,0.836000,223332
2024-01-04,0.836000,0.836000,0.824000,0.825000,0.825000,58755
2024-01-05,0.825000,0.825000,0.820000,0.822000,0.822000,131001
2024-01-08,0.823000,0.831000,0.823000,0.825000,0.825000,132746
2024-01-09,0.826000,0.828000,0.824000,0.825000,0.825000,121110
2024-01-10,0.825000,0.825000,0.816000,0.817000,0.817000,72711
2024-01-11,0.826000,0.830000,0.826000,0.830000,0.830000,148751
2024-01-12,0.831000,0.831000,0.820000,0.821000,0.821000,83979
2024-01-15,0.821000,0.821000,0.821000,0.821000,0.821000,0
2024-01-16,0.825000,0.827000,0.820000,0.822000,0.822000,567956
2024-01-17,0.822000,0.822000,0.810000,0.811000,0.811000,119701
2024-01-18,0.822000,0.822000,0.803000,0.803000,0.803000,154098
2024-01-19,0.789000,0.794000,0.774000,0.776000,0.776000,177664
2024-01-22,0.791000,0.791000,0.778000,0.779000,0.779000,647305
2024-01-23,0.779000,0.784000,0.778000,0.780000,0.780000,84288
2024-01-24,0.780000,0.790000,0.780000,0.790000,0.790000,52820
2024-01-25,0.790000,0.790000,0.772000,0.772000,0.772000,268812
2024-01-26,0.771000,0.785000,0.765000,0.767000,0.767000,244515
2024-01-29,0.767000,0.771000,0.762000,0.762000,0.762000,92289
2024-01-30,0.762000,0.767000,0.762000,0.767000,0.767000,748
2024-01-31,0.800000,0.800000,0.773000,0.780000,0.780000,44190
2024-02-01,0.770000,0.770000,0.766000,0.766000,0.766000,211052
2024-02-02,0.770000,0.785000,0.770000,0.780000,0.780000,64784
2024-02-05,0.780000,0.780000,0.765000,0.768000,0.768000,266767
2024-02-06,0.770000,0.770000,0.765000,0.767000,0.767000,63071
2024-02-07,0.769000,0.776000,0.768000,0.769000,0.769000,95083
2024-02-08,0.771000,0.771000,0.763000,0.768000,0.768000,112292
2024-02-09,0.770000,0.770000,0.767000,0.767000,0.767000,12655
2024-02-13,0.769000,0.772000,0.765000,0.770000,0.770000,192748
2024-02-14,0.780000,0.780000,0.757000,0.765000,0.765000,28750
2024-02-15,0.768000,0.771000,0.768000,0.770000,0.770000,226655
2024-02-16,0.776000,0.797000,0.770000,0.779000,0.779000,43706
2024-02-19,0.778000,0.791000,0.770000,0.774000,0.774000,89776
2024-02-20,0.780000,0.780000,0.767000,0.769000,0.769000,33647
2024-02-21,0.769000,0.777000,0.766000,0.766000,0.766000,282258
2024-02-22,0.765000,0.774000,0.764000,0.774000,0.774000,833490
2024-02-23,0.771000,0.780000,0.765000,0.780000,0.780000,116987
2024-02-26,0.771000,0.771000,0.762000,0.763000,0.763000,62812
2024-02-27,0.769000,0.769000,0.755000,0.756000,0.756000,114184
2024-02-28,0.756000,0.756000,0.750000,0.750000,0.750000,153122
2024-02-29,0.756000,0.757000,0.748000,0.756000,0.756000,95242
2024-03-01,0.770000,0.770000,0.743000,0.747000,0.747000,445097
2024-03-04,0.747000,0.751000,0.742000,0.742000,0.742000,143595
2024-03-05,0.750000,0.750000,0.736000,0.738000,0.738000,240443
2024-03-06,0.738000,0.748000,0.738000,0.745000,0.745000,540753
2024-03-07,0.745000,0.746000,0.744000,0.746000,0.746000,50616
2024-03-08,0.754000,0.757000,0.751000,0.751000,0.751000,16135
2024-03-11,0.750000,0.752000,0.746000,0.746000,0.746000,126350
2024-03-12,0.750000,0.752000,0.748000,0.748000,0.748000,295307
2024-03-13,0.749000,0.749000,0.745000,0.745000,0.745000,913372
2024-03-14,0.745000,0.745000,0.740000,0.745000,0.745000,568729
2024-03-15,0.745000,0.755000,0.737000,0.738000,0.738000,267899
