Date,Open,High,Low,Close,Volume,Dividends,Stock Splits,RClose
2022-10-12 00:00:00+08:00,9.770690,9.770690,9.770690,9.770690,0,0.000000,0.000000,9.770690
2022-10-13 00:00:00+08:00,9.744870,9.744870,9.744870,9.744870,0,0.000000,0.000000,9.744870
2022-10-14 00:00:00+08:00,9.773340,9.773340,9.773340,9.773340,0,0.000000,0.000000,9.773340
2022-10-17 00:00:00+08:00,9.734670,9.734670,9.734670,9.734670,0,0.000000,0.000000,9.734670
2022-10-18 00:00:00+08:00,9.754020,9.754020,9.754020,9.754020,0,0.000000,0.000000,9.754020
2022-10-19 00:00:00+08:00,9.697570,9.697570,9.697570,9.697570,0,0.000000,0.000000,9.697570
2022-10-20 00:00:00+08:00,9.693650,9.693650,9.693650,9.693650,0,0.000000,0.000000,9.693650
2022-10-21 00:00:00+08:00,9.660050,9.660050,9.660050,9.660050,0,0.000000,0.000000,9.660050
2022-10-25 00:00:00+08:00,9.572190,9.572190,9.572190,9.572190,0,0.000000,0.000000,9.572190
2022-10-26 00:00:00+08:00,9.663980,9.663980,9.663980,9.663980,0,0.000000,0.000000,9.663980
2022-10-27 00:00:00+08:00,9.717990,9.717990,9.717990,9.717990,0,0.000000,0.000000,9.717990
2022-10-28 00:00:00+08:00,9.702690,9.702690,9.702690,9.702690,0,0.000000,0.000000,9.702690
2022-10-31 00:00:00+08:00,9.649490,9.649490,9.649490,9.649490,0,0.000000,0.000000,9.649490
2022-11-01 00:00:00+08:00,9.654770,9.654770,9.654770,9.654770,0,0.000000,0.000000,9.654770
2022-11-02 00:00:00+08:00,9.655840,9.655840,9.655840,9.655840,0,0.000000,0.000000,9.655840
2022-11-03 00:00:00+08:00,9.599190,9.599190,9.599190,9.599190,0,0.000000,0.000000,9.599190
2022-11-04 00:00:00+08:00,9.675360,9.675360,9.675360,9.675360,0,0.000000,0.000000,9.675360
2022-11-07 00:00:00+08:00,9.717770,9.717770,9.717770,9.717770,0,0.000000,0.000000,9.717770
2022-11-08 00:00:00+08:00,9.688770,9.688770,9.688770,9.688770,0,0.000000,0.000000,9.688770
2022-11-09 00:00:00+08:00,9.687210,9.687210,9.687210,9.687210,0,0.000000,0.000000,9.687210
2022-11-10 00:00:00+08:00,9.680800,9.680800,9.680800,9.680800,0,0.000000,0.000000,9.680800
2022-11-11 00:00:00+08:00,9.887980,9.887980,9.887980,9.887980,0,0.000000,0.000000,9.887980
2022-11-14 00:00:00+08:00,9.919700,9.919700,9.919700,9.919700,0,0.000000,0.000000,9.919700
2022-11-15 00:00:00+08:00,9.915520,9.915520,9.915520,9.915520,0,0.000000,0.000000,9.915520
2022-11-16 00:00:00+08:00,9.854980,9.854980,9.854980,9.854980,0,0.000000,0.000000,9.854980
2022-11-17 00:00:00+08:00,9.800370,9.800370,9.800370,9.800370,0,0.000000,0.000000,9.800370
2022-11-18 00:00:00+08:00,9.788120,9.788120,9.788120,9.788120,0,0.000000,0.000000,9.788120
2022-11-21 00:00:00+08:00,9.751400,9.751400,9.751400,9.751400,0,0.000000,0.000000,9.751400
2022-11-22 00:00:00+08:00,9.753500,9.753500,9.753500,9.753500,0,0.000000,0.000000,9.753500
2022-11-23 00:00:00+08:00,9.783880,9.783880,9.783880,9.783880,0,0.000000,0.000000,9.783880
2022-11-24 00:00:00+08:00,9.802530,9.802530,9.802530,9.802530,0,0.000000,0.000000,9.802530
2022-11-25 00:00:00+08:00,9.757590,9.757590,9.757590,9.757590,0,0.000000,0.000000,9.757590
2022-11-28 00:00:00+08:00,9.675080,9.675080,9.675080,9.675080,0,0.000000,0.000000,9.675080
2022-11-29 00:00:00+08:00,9.707960,9.707960,9.707960,9.707960,0,0.000000,0.000000,9.707960
2022-11-30 00:00:00+08:00,9.745010,9.745010,9.745010,9.745010,0,0.000000,0.000000,9.745010
2022-12-01 00:00:00+08:00,9.890080,9.890080,9.890080,9.890080,0,0.000000,0.000000,9.890080
2022-12-02 00:00:00+08:00,9.902160,9.902160,9.902160,9.902160,0,0.000000,0.000000,9.902160
2022-12-05 00:00:00+08:00,10.047290,10.047290,10.047290,10.047290,0,0.000000,0.000000,10.047290
2022-12-06 00:00:00+08:00,9.975960,9.975960,9.975960,9.975960,0,0.000000,0.000000,9.975960
2022-12-07 00:00:00+08:00,9.993940,9.993940,9.993940,9.993940,0,0.000000,0.000000,9.993940
2022-12-08 00:00:00+08:00,10.005600,10.005600,10.005600,10.005600,0,0.000000,0.000000,10.005600
2022-12-09 00:00:00+08:00,10.024700,10.024700,10.024700,10.024700,0,0.000000,0.000000,10.024700
2022-12-12 00:00:00+08:00,9.992950,9.992950,9.992950,9.992950,0,0.000000,0.000000,9.992950
2022-12-13 00:00:00+08:00,9.972700,9.972700,9.972700,9.972700,0,0.000000,0.000000,9.972700
2022-12-14 00:00:00+08:00,10.022000,10.022000,10.022000,10.022000,0,0.000000,0.000000,10.022000
2022-12-15 00:00:00+08:00,10.017400,10.017400,10.017400,10.017400,0,0.000000,0.000000,10.017400
2022-12-16 00:00:00+08:00,10.006500,10.006500,10.006500,10.006500,0,0.000000,0.000000,10.006500
2022-12-19 00:00:00+08:00,10.012900,10.012900,10.012900,10.012900,0,0.000000,0.000000,10.012900
2022-12-20 00:00:00+08:00,10.009200,10.009200,10.009200,10.009200,0,0.000000,0.000000,10.009200
2022-12-21 00:00:00+08:00,10.016400,10.016400,10.016400,10.016400,0,0.000000,0.000000,10.016400
2022-12-22 00:00:00+08:00,10.017400,10.017400,10.017400,10.017400,0,0.000000,0.000000,10.017400
2022-12-23 00:00:00+08:00,10.000200,10.000200,10.000200,10.000200,0,0.000000,0.000000,10.000200
2022-12-27 00:00:00+08:00,10.039300,10.039300,10.039300,10.039300,0,0.000000,0.000000,10.039300
2022-12-28 00:00:00+08:00,10.037500,10.037500,10.037500,10.037500,0,0.000000,0.000000,10.037500
2022-12-29 00:00:00+08:00,10.047400,10.047400,10.047400,10.047400,0,0.000000,0.000000,10.047400
2022-12-30 00:00:00+08:00,10.053200,10.053200,10.053200,10.053200,0,0.000000,0.000000,10.053200
2023-01-03 00:00:00+08:00,10.174200,10.174200,10.174200,10.174200,0,0.000000,0.000000,10.174200
2023-01-04 00:00:00+08:00,10.173600,10.173600,10.173600,10.173600,0,0.000000,0.000000,10.173600
2023-01-05 00:00:00+08:00,10.197100,10.197100,10.197100,10.197100,0,0.000000,0.000000,10.197100
2023-01-06 00:00:00+08:00,10.209100,10.209100,10.209100,10.209100,0,0.000000,0.000000,10.209100
2023-01-09 00:00:00+08:00,10.327400,10.327400,10.327400,10.327400,0,0.000000,0.000000,10.327400
2023-01-10 00:00:00+08:00,10.317300,10.317300,10.317300,10.317300,0,0.000000,0.000000,10.317300
2023-01-11 00:00:00+08:00,10.320500,10.320500,10.320500,10.320500,0,0.000000,0.000000,10.320500
2023-01-12 00:00:00+08:00,10.349400,10.349400,10.349400,10.349400,0,0.000000,0.000000,10.349400
2023-01-13 00:00:00+08:00,10.392300,10.392300,10.392300,10.392300,0,0.000000,0.000000,10.392300
2023-01-16 00:00:00+08:00,10.412600,10.412600,10.412600,10.412600,0,0.000000,0.000000,10.412600
2023-01-17 00:00:00+08:00,10.325900,10.325900,10.325900,10.325900,0,0.000000,0.000000,10.325900
2023-01-18 00:00:00+08:00,10.324900,10.324900,10.324900,10.324900,0,0.000000,0.000000,10.324900
2023-01-19 00:00:00+08:00,10.318300,10.318300,10.318300,10.318300,0,0.000000,0.000000,10.318300
2023-01-20 00:00:00+08:00,10.317100,10.317100,10.317100,10.317100,0,0.000000,0.000000,10.317100
2023-01-26 00:00:00+08:00,10.379800,10.379800,10.379800,10.379800,0,0.000000,0.000000,10.379800
2023-01-30 00:00:00+08:00,10.367200,10.367200,10.367200,10.367200,0,0.000000,0.000000,10.367200
2023-01-31 00:00:00+08:00,10.367100,10.367100,10.367100,10.367100,0,0.000000,0.000000,10.367100
2023-02-01 00:00:00+08:00,10.373100,10.373100,10.373100,10.373100,0,0.000000,0.000000,10.373100
2023-02-02 00:00:00+08:00,10.427900,10.427900,10.427900,10.427900,0,0.000000,0.000000,10.427900
2023-02-03 00:00:00+08:00,10.382600,10.382600,10.382600,10.382600,0,0.000000,0.000000,10.382600
2023-02-06 00:00:00+08:00,10.312700,10.312700,10.312700,10.312700,0,0.000000,0.000000,10.312700
2023-02-07 00:00:00+08:00,10.314400,10.314400,10.314400,10.314400,0,0.000000,0.000000,10.314400
2023-02-08 00:00:00+08:00,10.319300,10.319300,10.319300,10.319300,0,0.000000,0.000000,10.319300
2023-02-09 00:00:00+08:00,10.314000,10.314000,10.314000,10.314000,0,0.000000,0.000000,10.314000
2023-02-10 00:00:00+08:00,10.289000,10.289000,10.289000,10.289000,0,0.000000,0.000000,10.289000
2023-02-13 00:00:00+08:00,10.249300,10.249300,10.249300,10.249300,0,0.000000,0.000000,10.249300
2023-02-14 00:00:00+08:00,10.276600,10.276600,10.276600,10.276600,0,0.000000,0.000000,10.276600
2023-02-15 00:00:00+08:00,10.234400,10.234400,10.234400,10.234400,0,0.000000,0.000000,10.234400
2023-02-16 00:00:00+08:00,10.207200,10.207200,10.207200,10.207200,0,0.000000,0.000000,10.207200
2023-02-17 00:00:00+08:00,10.177800,10.177800,10.177800,10.177800,0,0.000000,0.000000,10.177800
2023-02-20 00:00:00+08:00,10.205800,10.205800,10.205800,10.205800,0,0.000000,0.000000,10.205800
2023-02-21 00:00:00+08:00,10.193400,10.193400,10.193400,10.193400,0,0.000000,0.000000,10.193400
2023-02-22 00:00:00+08:00,10.158700,10.158700,10.158700,10.158700,0,0.000000,0.000000,10.158700
2023-02-23 00:00:00+08:00,10.168700,10.168700,10.168700,10.168700,0,0.000000,0.000000,10.168700
2023-02-24 00:00:00+08:00,10.101400,10.101400,10.101400,10.101400,0,0.000000,0.000000,10.101400
2023-02-27 00:00:00+08:00,10.033300,10.033300,10.033300,10.033300,0,0.000000,0.000000,10.033300
2023-02-28 00:00:00+08:00,10.079800,10.079800,10.079800,10.079800,0,0.000000,0.000000,10.079800
2023-03-01 00:00:00+08:00,10.145600,10.145600,10.145600,10.145600,0,0.000000,0.000000,10.145600
2023-03-02 00:00:00+08:00,10.145800,10.145800,10.145800,10.145800,0,0.000000,0.000000,10.145800
2023-03-03 00:00:00+08:00,10.160500,10.160500,10.160500,10.160500,0,0.000000,0.000000,10.160500
2023-03-06 00:00:00+08:00,10.142300,10.142300,10.142300,10.142300,0,0.000000,0.000000,10.142300
2023-03-07 00:00:00+08:00,10.109400,10.109400,10.109400,10.109400,0,0.000000,0.000000,10.109400
2023-03-08 00:00:00+08:00,10.065700,10.065700,10.065700,10.065700,0,0.000000,0.000000,10.065700
2023-03-09 00:00:00+08:00,10.064500,10.064500,10.064500,10.064500,0,0.000000,0.000000,10.064500
2023-03-10 00:00:00+08:00,10.068100,10.068100,10.068100,10.068100,0,0.000000,0.000000,10.068100
2023-03-13 00:00:00+08:00,10.193000,10.193000,10.193000,10.193000,0,0.000000,0.000000,10.193000
2023-03-14 00:00:00+08:00,10.242600,10.242600,10.242600,10.242600,0,0.000000,0.000000,10.242600
2023-03-15 00:00:00+08:00,10.205200,10.205200,10.205200,10.205200,0,0.000000,0.000000,10.205200
2023-03-16 00:00:00+08:00,10.197700,10.197700,10.197700,10.197700,0,0.000000,0.000000,10.197700
2023-03-17 00:00:00+08:00,10.247700,10.247700,10.247700,10.247700,0,0.000000,0.000000,10.247700
2023-03-20 00:00:00+08:00,10.215900,10.215900,10.215900,10.215900,0,0.000000,0.000000,10.215900
2023-03-21 00:00:00+08:00,10.242000,10.242000,10.242000,10.242000,0,0.000000,0.000000,10.242000
2023-03-22 00:00:00+08:00,10.223700,10.223700,10.223700,10.223700,0,0.000000,0.000000,10.223700
2023-03-23 00:00:00+08:00,10.325600,10.325600,10.325600,10.325600,0,0.000000,0.000000,10.325600
2023-03-24 00:00:00+08:00,10.272600,10.272600,10.272600,10.272600,0,0.000000,0.000000,10.272600
2023-03-27 00:00:00+08:00,10.242600,10.242600,10.242600,10.242600,0,0.000000,0.000000,10.242600
2023-03-28 00:00:00+08:00,10.232500,10.232500,10.232500,10.232500,0,0.000000,0.000000,10.232500
2023-03-29 00:00:00+08:00,10.223400,10.223400,10.223400,10.223400,0,0.000000,0.000000,10.223400
2023-03-30 00:00:00+08:00,10.235200,10.235200,10.235200,10.235200,0,0.000000,0.000000,10.235200
2023-03-31 00:00:00+08:00,10.263100,10.263100,10.263100,10.263100,0,0.000000,0.000000,10.263100
2023-04-03 00:00:00+08:00,10.226100,10.226100,10.226100,10.226100,0,0.000000,0.000000,10.226100
2023-04-04 00:00:00+08:00,10.229400,10.229400,10.229400,10.229400,0,0.000000,0.000000,10.229400
2023-04-06 00:00:00+08:00,10.237300,10.237300,10.237300,10.237300,0,0.000000,0.000000,10.237300
2023-04-10 00:00:00+08:00,10.252300,10.252300,10.252300,10.252300,0,0.000000,0.000000,10.252300
2023-04-11 00:00:00+08:00,10.239300,10.239300,10.239300,10.239300,0,0.000000,0.000000,10.239300
2023-04-12 00:00:00+08:00,10.245500,10.245500,10.245500,10.245500,0,0.000000,0.000000,10.245500
2023-04-13 00:00:00+08:00,10.265900,10.265900,10.265900,10.265900,0,0.000000,0.000000,10.265900
2023-04-14 00:00:00+08:00,10.314400,10.314400,10.314400,10.314400,0,0.000000,0.000000,10.314400
2023-04-17 00:00:00+08:00,10.274900,10.274900,10.274900,10.274900,0,0.000000,0.000000,10.274900
2023-04-18 00:00:00+08:00,10.268400,10.268400,10.268400,10.268400,0,0.000000,0.000000,10.268400
2023-04-19 00:00:00+08:00,10.239300,10.239300,10.239300,10.239300,0,0.000000,0.000000,10.239300
2023-04-20 00:00:00+08:00,10.262700,10.262700,10.262700,10.262700,0,0.000000,0.000000,10.262700
2023-04-21 00:00:00+08:00,10.235600,10.235600,10.235600,10.235600,0,0.000000,0.000000,10.235600
2023-04-24 00:00:00+08:00,10.247400,10.247400,10.247400,10.247400,0,0.000000,0.000000,10.247400
2023-04-25 00:00:00+08:00,10.228000,10.228000,10.228000,10.228000,0,0.000000,0.000000,10.228000
2023-04-26 00:00:00+08:00,10.215500,10.215500,10.215500,10.215500,0,0.000000,0.000000,10.215500
2023-04-27 00:00:00+08:00,10.235200,10.235200,10.235200,10.235200,0,0.000000,0.000000,10.235200
2023-04-28 00:00:00+08:00,10.223100,10.223100,10.223100,10.223100,0,0.000000,0.000000,10.223100
2023-05-04 00:00:00+08:00,10.267400,10.267400,10.267400,10.267400,0,0.000000,0.000000,10.267400
2023-05-05 00:00:00+08:00,10.274300,10.274300,10.274300,10.274300,0,0.000000,0.000000,10.274300
2023-05-08 00:00:00+08:00,10.261100,10.261100,10.261100,10.261100,0,0.000000,0.000000,10.261100
2023-05-09 00:00:00+08:00,10.252700,10.252700,10.252700,10.252700,0,0.000000,0.000000,10.252700
2023-05-10 00:00:00+08:00,10.254300,10.254300,10.254300,10.254300,0,0.000000,0.000000,10.254300
2023-05-11 00:00:00+08:00,10.244900,10.244900,10.244900,10.244900,0,0.000000,0.000000,10.244900
2023-05-12 00:00:00+08:00,10.228900,10.228900,10.228900,10.228900,0,0.000000,0.000000,10.228900
2023-05-15 00:00:00+08:00,10.222300,10.222300,10.222300,10.222300,0,0.000000,0.000000,10.222300
2023-05-16 00:00:00+08:00,10.197900,10.197900,10.197900,10.197900,0,0.000000,0.000000,10.197900
2023-05-17 00:00:00+08:00,10.145000,10.145000,10.145000,10.145000,0,0.000000,0.000000,10.145000
2023-05-18 00:00:00+08:00,10.109810,10.109810,10.109810,10.109810,0,0.000000,0.000000,10.109810
2023-05-19 00:00:00+08:00,10.096290,10.096290,10.096290,10.096290,0,0.000000,0.000000,10.096290
2023-05-22 00:00:00+08:00,10.122770,10.122770,10.122770,10.122770,0,0.000000,0.000000,10.122770
2023-05-23 00:00:00+08:00,10.090320,10.090320,10.090320,10.090320,0,0.000000,0.000000,10.090320
2023-05-24 00:00:00+08:00,10.091910,10.091910,10.091910,10.091910,0,0.000000,0.000000,10.091910
2023-05-25 00:00:00+08:00,10.054550,10.054550,10.054550,10.054550,0,0.000000,0.000000,10.054550
2023-05-26 00:00:00+08:00,10.082220,10.082220,10.082220,10.082220,0,0.000000,0.000000,10.082220
2023-05-29 00:00:00+08:00,10.063780,10.063780,10.063780,10.063780,0,0.000000,0.000000,10.063780
2023-05-30 00:00:00+08:00,10.039920,10.039920,10.039920,10.039920,0,0.000000,0.000000,10.039920
2023-05-31 00:00:00+08:00,10.025810,10.025810,10.025810,10.025810,0,0.000000,0.000000,10.025810
2023-06-01 00:00:00+08:00,10.021030,10.021030,10.021030,10.021030,0,0.000000,0.000000,10.021030
2023-06-05 00:00:00+08:00,10.023370,10.023370,10.023370,10.023370,0,0.000000,0.000000,10.023370
2023-06-06 00:00:00+08:00,10.026170,10.026170,10.026170,10.026170,0,0.000000,0.000000,10.026170
2023-06-07 00:00:00+08:00,10.012990,10.012990,10.012990,10.012990,0,0.000000,0.000000,10.012990
2023-06-08 00:00:00+08:00,9.998460,9.998460,9.998460,9.998460,0,0.000000,0.000000,9.998460
2023-06-09 00:00:00+08:00,10.023950,10.023950,10.023950,10.023950,0,0.000000,0.000000,10.023950
2023-06-12 00:00:00+08:00,9.996720,9.996720,9.996720,9.996720,0,0.000000,0.000000,9.996720
2023-06-13 00:00:00+08:00,9.991800,9.991800,9.991800,9.991800,0,0.000000,0.000000,9.991800
2023-06-14 00:00:00+08:00,9.989120,9.989120,9.989120,9.989120,0,0.000000,0.000000,9.989120
2023-06-15 00:00:00+08:00,9.986700,9.986700,9.986700,9.986700,0,0.000000,0.000000,9.986700
2023-06-16 00:00:00+08:00,10.044800,10.044800,10.044800,10.044800,0,0.000000,0.000000,10.044800
2023-06-19 00:00:00+08:00,9.968840,9.968840,9.968840,9.968840,0,0.000000,0.000000,9.968840
2023-06-20 00:00:00+08:00,9.958980,9.958980,9.958980,9.958980,0,0.000000,0.000000,9.958980
2023-06-21 00:00:00+08:00,9.928810,9.928810,9.928810,9.928810,0,0.000000,0.000000,9.928810
2023-06-26 00:00:00+08:00,9.899730,9.899730,9.899730,9.899730,0,0.000000,0.000000,9.899730
2023-06-27 00:00:00+08:00,9.916010,9.916010,9.916010,9.916010,0,0.000000,0.000000,9.916010
2023-06-28 00:00:00+08:00,9.877520,9.877520,9.877520,9.877520,0,0.000000,0.000000,9.877520
2023-06-30 00:00:00+08:00,9.869440,9.869440,9.869440,9.869440,0,0.000000,0.000000,9.869440
2023-07-03 00:00:00+08:00,9.869200,9.869200,9.869200,9.869200,0,0.000000,0.000000,9.869200
2023-07-04 00:00:00+08:00,9.926250,9.926250,9.926250,9.926250,0,0.000000,0.000000,9.926250
2023-07-05 00:00:00+08:00,9.889270,9.889270,9.889270,9.889270,0,0.000000,0.000000,9.889270
2023-07-06 00:00:00+08:00,9.878810,9.878810,9.878810,9.878810,0,0.000000,0.000000,9.878810
2023-07-07 00:00:00+08:00,9.884780,9.884780,9.884780,9.884780,0,0.000000,0.000000,9.884780
2023-07-10 00:00:00+08:00,9.906330,9.906330,9.906330,9.906330,0,0.000000,0.000000,9.906330
2023-07-11 00:00:00+08:00,9.971120,9.971120,9.971120,9.971120,0,0.000000,0.000000,9.971120
2023-07-12 00:00:00+08:00,9.973470,9.973470,9.973470,9.973470,0,0.000000,0.000000,9.973470
2023-07-13 00:00:00+08:00,10.009610,10.009610,10.009610,10.009610,0,0.000000,0.000000,10.009610
2023-07-14 00:00:00+08:00,10.053910,10.053910,10.053910,10.053910,0,0.000000,0.000000,10.053910
2023-07-17 00:00:00+08:00,10.000600,10.000600,10.000600,10.000600,0,0.000000,0.000000,10.000600
2023-07-18 00:00:00+08:00,10.012630,10.012630,10.012630,10.012630,0,0.000000,0.000000,10.012630
2023-07-19 00:00:00+08:00,9.953420,9.953420,9.953420,9.953420,0,0.000000,0.000000,9.953420
2023-07-20 00:00:00+08:00,9.998680,9.998680,9.998680,9.998680,0,0.000000,0.000000,9.998680
2023-07-21 00:00:00+08:00,10.036120,10.036120,10.036120,10.036120,0,0.000000,0.000000,10.036120
2023-07-24 00:00:00+08:00,10.001510,10.001510,10.001510,10.001510,0,0.000000,0.000000,10.001510
2023-07-25 00:00:00+08:00,10.055560,10.055560,10.055560,10.055560,0,0.000000,0.000000,10.055560
2023-07-26 00:00:00+08:00,10.044030,10.044030,10.044030,10.044030,0,0.000000,0.000000,10.044030
2023-07-27 00:00:00+08:00,10.070090,10.070090,10.070090,10.070090,0,0.000000,0.000000,10.070090
2023-07-28 00:00:00+08:00,10.047250,10.047250,10.047250,10.047250,0,0.000000,0.000000,10.047250
2023-07-31 00:00:00+08:00,10.052300,10.052300,10.052300,10.052300,0,0.000000,0.000000,10.052300
2023-08-01 00:00:00+08:00,10.027220,10.027220,10.027220,10.027220,0,0.000000,0.000000,10.027220
2023-08-02 00:00:00+08:00,10.002200,10.002200,10.002200,10.002200,0,0.000000,0.000000,10.002200
2023-08-03 00:00:00+08:00,9.995540,9.995540,9.995540,9.995540,0,0.000000,0.000000,9.995540
2023-08-04 00:00:00+08:00,10.013450,10.013450,10.013450,10.013450,0,0.000000,0.000000,10.013450
2023-08-07 00:00:00+08:00,9.997970,9.997970,9.997970,9.997970,0,0.000000,0.000000,9.997970
2023-08-08 00:00:00+08:00,9.966100,9.966100,9.966100,9.966100,0,0.000000,0.000000,9.966100
2023-08-10 00:00:00+08:00,9.972780,9.972780,9.972780,9.972780,0,0.000000,0.000000,9.972780
2023-08-11 00:00:00+08:00,9.939330,9.939330,9.939330,9.939330,0,0.000000,0.000000,9.939330
2023-08-14 00:00:00+08:00,9.915980,9.915980,9.915980,9.915980,0,0.000000,0.000000,9.915980
2023-08-15 00:00:00+08:00,9.891730,9.891730,9.891730,9.891730,0,0.000000,0.000000,9.891730
2023-08-16 00:00:00+08:00,9.882570,9.882570,9.882570,9.882570,0,0.000000,0.000000,9.882570
2023-08-17 00:00:00+08:00,9.862270,9.862270,9.862270,9.862270,0,0.000000,0.000000,9.862270
2023-08-18 00:00:00+08:00,9.891300,9.891300,9.891300,9.891300,0,0.000000,0.000000,9.891300
2023-08-21 00:00:00+08:00,9.868370,9.868370,9.868370,9.868370,0,0.000000,0.000000,9.868370
2023-08-22 00:00:00+08:00,9.926870,9.926870,9.926870,9.926870,0,0.000000,0.000000,9.926870
2023-08-23 00:00:00+08:00,9.922900,9.922900,9.922900,9.922900,0,0.000000,0.000000,9.922900
2023-08-24 00:00:00+08:00,9.941160,9.941160,9.941160,9.941160,0,0.000000,0.000000,9.941160
2023-08-25 00:00:00+08:00,9.926900,9.926900,9.926900,9.926900,0,0.000000,0.000000,9.926900
2023-08-28 00:00:00+08:00,9.910990,9.910990,9.910990,9.910990,0,0.000000,0.000000,9.910990
2023-08-29 00:00:00+08:00,9.905710,9.905710,9.905710,9.905710,0,0.000000,0.000000,9.905710
2023-08-30 00:00:00+08:00,9.901920,9.901920,9.901920,9.901920,0,0.000000,0.000000,9.901920
2023-08-31 00:00:00+08:00,9.909020,9.909020,9.909020,9.909020,0,0.000000,0.000000,9.909020
2023-09-04 00:00:00+08:00,9.930440,9.930440,9.930440,9.930440,0,0.000000,0.000000,9.930440
2023-09-05 00:00:00+08:00,9.880890,9.880890,9.880890,9.880890,0,0.000000,0.000000,9.880890
2023-09-06 00:00:00+08:00,9.852580,9.852580,9.852580,9.852580,0,0.000000,0.000000,9.852580
2023-09-07 00:00:00+08:00,9.814430,9.814430,9.814430,9.814430,0,0.000000,0.000000,9.814430
2023-09-08 00:00:00+08:00,9.779010,9.779010,9.779010,9.779010,0,0.000000,0.000000,9.779010
2023-09-11 00:00:00+08:00,9.858270,9.858270,9.858270,9.858270,0,0.000000,0.000000,9.858270
2023-09-12 00:00:00+08:00,9.855570,9.855570,9.855570,9.855570,0,0.000000,0.000000,9.855570
2023-09-13 00:00:00+08:00,9.882830,9.882830,9.882830,9.882830,0,0.000000,0.000000,9.882830
2023-09-14 00:00:00+08:00,9.911320,9.911320,9.911320,9.911320,0,0.000000,0.000000,9.911320
2023-09-15 00:00:00+08:00,9.904420,9.904420,9.904420,9.904420,0,0.000000,0.000000,9.904420
2023-09-18 00:00:00+08:00,9.874060,9.874060,9.874060,9.874060,0,0.000000,0.000000,9.874060
2023-09-19 00:00:00+08:00,9.856050,9.856050,9.856050,9.856050,0,0.000000,0.000000,9.856050
2023-09-20 00:00:00+08:00,9.840380,9.840380,9.840380,9.840380,0,0.000000,0.000000,9.840380
2023-09-21 00:00:00+08:00,9.849120,9.849120,9.849120,9.849120,0,0.000000,0.000000,9.849120
2023-09-22 00:00:00+08:00,9.857920,9.857920,9.857920,9.857920,0,0.000000,0.000000,9.857920
2023-09-25 00:00:00+08:00,9.834100,9.834100,9.834100,9.834100,0,0.000000,0.000000,9.834100
2023-09-26 00:00:00+08:00,9.831610,9.831610,9.831610,9.831610,0,0.000000,0.000000,9.831610
2023-09-27 00:00:00+08:00,9.835920,9.835920,9.835920,9.835920,0,0.000000,0.000000,9.835920
2023-09-28 00:00:00+08:00,9.844830,9.844830,9.844830,9.844830,0,0.000000,0.000000,9.844830
2023-10-09 00:00:00+08:00,9.872630,9.872630,9.872630,9.872630,0,0.000000,0.000000,9.872630
2023-10-10 00:00:00+08:00,9.865280,9.865280,9.865280,9.865280,0,0.000000,0.000000,9.865280
2023-10-11 00:00:00+08:00,9.853750,9.853750,9.853750,9.853750,0,0.000000,0.000000,9.853750
2023-10-12 00:00:00+08:00,9.861420,9.861420,9.861420,9.861420,0,0.000000,0.000000,9.861420
2023-10-13 00:00:00+08:00,9.850120,9.850120,9.850120,9.850120,0,0.000000,0.000000,9.850120
2023-10-16 00:00:00+08:00,9.847120,9.847120,9.847120,9.847120,0,0.000000,0.000000,9.847120
2023-10-17 00:00:00+08:00,9.833890,9.833890,9.833890,9.833890,0,0.000000,0.000000,9.833890
2023-10-18 00:00:00+08:00,9.833730,9.833730,9.833730,9.833730,0,0.000000,0.000000,9.833730
2023-10-19 00:00:00+08:00,9.805330,9.805330,9.805330,9.805330,0,0.000000,0.000000,9.805330
2023-10-20 00:00:00+08:00,9.812240,9.812240,9.812240,9.812240,0,0.000000,0.000000,9.812240
2023-10-23 00:00:00+08:00,9.827380,9.827380,9.827380,9.827380,0,0.000000,0.000000,9.827380
2023-10-24 00:00:00+08:00,9.845910,9.845910,9.845910,9.845910,0,0.000000,0.000000,9.845910
2023-10-25 00:00:00+08:00,9.838540,9.838540,9.838540,9.838540,0,0.000000,0.000000,9.838540
2023-10-26 00:00:00+08:00,9.826760,9.826760,9.826760,9.826760,0,0.000000,0.000000,9.826760
2023-10-27 00:00:00+08:00,9.833940,9.833940,9.833940,9.833940,0,0.000000,0.000000,9.833940
2023-10-30 00:00:00+08:00,9.830280,9.830280,9.830280,9.830280,0,0.000000,0.000000,9.830280
2023-10-31 00:00:00+08:00,9.831090,9.831090,9.831090,9.831090,0,0.000000,0.000000,9.831090
2023-11-01 00:00:00+08:00,9.826380,9.826380,9.826380,9.826380,0,0.000000,0.000000,9.826380
2023-11-02 00:00:00+08:00,9.844860,9.844860,9.844860,9.844860,0,0.000000,0.000000,9.844860
2023-11-03 00:00:00+08:00,9.857960,9.857960,9.857960,9.857960,0,0.000000,0.000000,9.857960
2023-11-06 00:00:00+08:00,9.909090,9.909090,9.909090,9.909090,0,0.000000,0.000000,9.909090
2023-11-07 00:00:00+08:00,9.901580,9.901580,9.901580,9.901580,0,0.000000,0.000000,9.901580
2023-11-08 00:00:00+08:00,9.913140,9.913140,9.913140,9.913140,0,0.000000,0.000000,9.913140
2023-11-09 00:00:00+08:00,9.904230,9.904230,9.904230,9.904230,0,0.000000,0.000000,9.904230
2023-11-10 00:00:00+08:00,9.894510,9.894510,9.894510,9.894510,0,0.000000,0.000000,9.894510
2023-11-14 00:00:00+08:00,9.898180,9.898180,9.898180,9.898180,0,0.000000,0.000000,9.898180
2023-11-15 00:00:00+08:00,9.974700,9.974700,9.974700,9.974700,0,0.000000,0.000000,9.974700
2023-11-16 00:00:00+08:00,9.957370,9.957370,9.957370,9.957370,0,0.000000,0.000000,9.957370
2023-11-17 00:00:00+08:00,9.973520,9.973520,9.973520,9.973520,0,0.000000,0.000000,9.973520
2023-11-20 00:00:00+08:00,10.067190,10.067190,10.067190,10.067190,0,0.000000,0.000000,10.067190
2023-11-21 00:00:00+08:00,10.124720,10.124720,10.124720,10.124720,0,0.000000,0.000000,10.124720
2023-11-22 00:00:00+08:00,10.105570,10.105570,10.105570,10.105570,0,0.000000,0.000000,10.105570
2023-11-23 00:00:00+08:00,10.104160,10.104160,10.104160,10.104160,0,0.000000,0.000000,10.104160
2023-11-24 00:00:00+08:00,10.081030,10.081030,10.081030,10.081030,0,0.000000,0.000000,10.081030
2023-11-27 00:00:00+08:00,10.072470,10.072470,10.072470,10.072470,0,0.000000,0.000000,10.072470
2023-11-28 00:00:00+08:00,10.087700,10.087700,10.087700,10.087700,0,0.000000,0.000000,10.087700
2023-11-29 00:00:00+08:00,10.138570,10.138570,10.138570,10.138570,0,0.000000,0.000000,10.138570
2023-11-30 00:00:00+08:00,10.132090,10.132090,10.132090,10.132090,0,0.000000,0.000000,10.132090
2023-12-01 00:00:00+08:00,10.106950,10.106950,10.106950,10.106950,0,0.000000,0.000000,10.106950
2023-12-04 00:00:00+08:00,10.113600,10.113600,10.113600,10.113600,0,0.000000,0.000000,10.113600
2023-12-05 00:00:00+08:00,10.104240,10.104240,10.104240,10.104240,0,0.000000,0.000000,10.104240
2023-12-06 00:00:00+08:00,10.081720,10.081720,10.081720,10.081720,0,0.000000,0.000000,10.081720
2023-12-07 00:00:00+08:00,10.083030,10.083030,10.083030,10.083030,0,0.000000,0.000000,10.083030
2023-12-08 00:00:00+08:00,10.081240,10.081240,10.081240,10.081240,0,0.000000,0.000000,10.081240
2023-12-11 00:00:00+08:00,10.058870,10.058870,10.058870,10.058870,0,0.000000,0.000000,10.058870
2023-12-12 00:00:00+08:00,10.069500,10.069500,10.069500,10.069500,0,0.000000,0.000000,10.069500
2023-12-13 00:00:00+08:00,10.060410,10.060410,10.060410,10.060410,0,0.000000,0.000000,10.060410
2023-12-14 00:00:00+08:00,10.144920,10.144920,10.144920,10.144920,0,0.000000,0.000000,10.144920
2023-12-15 00:00:00+08:00,10.190610,10.190610,10.190610,10.190610,0,0.000000,0.000000,10.190610
2023-12-18 00:00:00+08:00,10.173760,10.173760,10.173760,10.173760,0,0.000000,0.000000,10.173760
2023-12-19 00:00:00+08:00,10.146560,10.146560,10.146560,10.146560,0,0.000000,0.000000,10.146560
2023-12-20 00:00:00+08:00,10.168060,10.168060,10.168060,10.168060,0,0.000000,0.000000,10.168060
2023-12-21 00:00:00+08:00,10.162480,10.162480,10.162480,10.162480,0,0.000000,0.000000,10.162480
2023-12-22 00:00:00+08:00,10.161700,10.161700,10.161700,10.161700,0,0.000000,0.000000,10.161700
2023-12-27 00:00:00+08:00,10.193160,10.193160,10.193160,10.193160,0,0.000000,0.000000,10.193160
2023-12-28 00:00:00+08:00,10.244480,10.244480,10.244480,10.244480,0,0.000000,0.000000,10.244480
2023-12-29 00:00:00+08:00,10.276540,10.276540,10.276540,10.276540,0,0.000000,0.000000,10.276540
2024-01-02 00:00:00+08:00,10.213800,10.213800,10.213800,10.213800,0,0.000000,0.000000,10.213800
2024-01-03 00:00:00+08:00,10.199570,10.199570,10.199570,10.199570,0,0.000000,0.000000,10.199570
2024-01-04 00:00:00+08:00,10.183150,10.183150,10.183150,10.183150,0,0.000000,0.000000,10.183150
2024-01-05 00:00:00+08:00,10.171730,10.171730,10.171730,10.171730,0,0.000000,0.000000,10.171730
2024-01-08 00:00:00+08:00,10.181260,10.181260,10.181260,10.181260,0,0.000000,0.000000,10.181260
2024-01-09 00:00:00+08:00,10.188300,10.188300,10.188300,10.188300,0,0.000000,0.000000,10.188300
2024-01-10 00:00:00+08:00,10.164460,10.164460,10.164460,10.164460,0,0.000000,0.000000,10.164460
2024-01-11 00:00:00+08:00,10.195240,10.195240,10.195240,10.195240,0,0.000000,0.000000,10.195240
2024-01-12 00:00:00+08:00,10.180990,10.180990,10.180990,10.180990,0,0.000000,0.000000,10.180990
2024-01-15 00:00:00+08:00,10.162950,10.162950,10.162950,10.162950,0,0.000000,0.000000,10.162950
2024-01-16 00:00:00+08:00,10.151770,10.151770,10.151770,10.151770,0,0.000000,0.000000,10.151770
2024-01-17 00:00:00+08:00,10.123310,10.123310,10.123310,10.123310,0,0.000000,0.000000,10.123310
2024-01-18 00:00:00+08:00,10.141490,10.141490,10.141490,10.141490,0,0.000000,0.000000,10.141490
2024-01-19 00:00:00+08:00,10.152690,10.152690,10.152690,10.152690,0,0.000000,0.000000,10.152690
2024-01-22 00:00:00+08:00,10.168650,10.168650,10.168650,10.168650,0,0.000000,0.000000,10.168650
2024-01-23 00:00:00+08:00,10.218060,10.218060,10.218060,10.218060,0,0.000000,0.000000,10.218060
2024-01-24 00:00:00+08:00,10.208680,10.208680,10.208680,10.208680,0,0.000000,0.000000,10.208680
2024-01-25 00:00:00+08:00,10.232490,10.232490,10.232490,10.232490,0,0.000000,0.000000,10.232490
2024-01-26 00:00:00+08:00,10.199120,10.199120,10.199120,10.199120,0,0.000000,0.000000,10.199120
2024-01-29 00:00:00+08:00,10.203700,10.203700,10.203700,10.203700,0,0.000000,0.000000,10.203700
2024-01-30 00:00:00+08:00,10.236330,10.236330,10.236330,10.236330,0,0.000000,0.000000,10.236330
