Date,Open,High,Low,Close,Volume,Dividends,Stock Splits,Capital Gains
2021-11-18 00:00:00+08:00,0.995200,0.995200,0.995200,0.995200,0,0.000000,0.000000,0.000000
2021-11-19 00:00:00+08:00,0.735000,0.735000,0.730000,0.730000,131500,0.000000,0.000000,0.000000
2021-11-22 00:00:00+08:00,0.730000,0.730000,0.730000,0.730000,0,0.000000,0.000000,0.000000
2021-11-23 00:00:00+08:00,0.730000,0.730000,0.730000,0.730000,0,0.000000,0.000000,0.000000
2021-11-24 00:00:00+08:00,0.730000,0.730000,0.730000,0.730000,0,0.000000,0.000000,0.000000
2021-11-25 00:00:00+08:00,0.734000,0.734000,0.734000,0.734000,10,0.000000,0.000000,0.000000
2021-11-26 00:00:00+08:00,0.734000,0.734000,0.734000,0.734000,0,0.000000,0.000000,0.000000
2021-11-29 00:00:00+08:00,0.734000,0.734000,0.734000,0.734000,0,0.000000,0.000000,0.000000
2021-11-30 00:00:00+08:00,0.713000,0.713000,0.713000,0.713000,50000,0.000000,0.000000,0.000000
2021-12-01 00:00:00+08:00,0.707000,0.710000,0.707000,0.710000,126750,0.000000,0.000000,0.000000
2021-12-02 00:00:00+08:00,0.704000,0.704000,0.704000,0.704000,100,0.000000,0.000000,0.000000
2021-12-03 00:00:00+08:00,0.700000,0.708000,0.700000,0.708000,210000,0.000000,0.000000,0.000000
2021-12-06 00:00:00+08:00,0.709000,0.709000,0.709000,0.709000,127500,0.000000,0.000000,0.000000
2021-12-07 00:00:00+08:00,0.709000,0.709000,0.709000,0.709000,0,0.000000,0.000000,0.000000
2021-12-08 00:00:00+08:00,0.709000,0.709000,0.709000,0.709000,0,0.000000,0.000000,0.000000
2021-12-09 00:00:00+08:00,0.709000,0.709000,0.709000,0.709000,0,0.000000,0.000000,0.000000
2021-12-10 00:00:00+08:00,0.719000,0.719000,0.719000,0.719000,200,0.000000,0.000000,0.000000
2021-12-13 00:00:00+08:00,0.716000,0.716000,0.716000,0.716000,1000,0.000000,0.000000,0.000000
2021-12-14 00:00:00+08:00,0.716000,0.716000,0.716000,0.716000,0,0.000000,0.000000,0.000000
2021-12-15 00:00:00+08:00,0.709000,0.709000,0.709000,0.709000,127500,0.000000,0.000000,0.000000
2021-12-16 00:00:00+08:00,0.709000,0.709000,0.709000,0.709000,0,0.000000,0.000000,0.000000
2021-12-17 00:00:00+08:00,0.709000,0.709000,0.709000,0.709000,0,0.000000,0.000000,0.000000
2021-12-20 00:00:00+08:00,0.705000,0.705000,0.705000,0.705000,300,0.000000,0.000000,0.000000
2021-12-21 00:00:00+08:00,0.705000,0.705000,0.705000,0.705000,0,0.000000,0.000000,0.000000
2021-12-22 00:00:00+08:00,0.705000,0.705000,0.705000,0.705000,0,0.000000,0.000000,0.000000
2021-12-23 00:00:00+08:00,0.705000,0.705000,0.705000,0.705000,0,0.000000,0.000000,0.000000
2021-12-24 00:00:00+08:00,0.705000,0.705000,0.705000,0.705000,0,0.000000,0.000000,0.000000
2021-12-27 00:00:00+08:00,0.705000,0.705000,0.705000,0.705000,0,0.000000,0.000000,0.000000
2021-12-28 00:00:00+08:00,0.705000,0.705000,0.705000,0.705000,0,0.000000,0.000000,0.000000
2021-12-29 00:00:00+08:00,0.705000,0.705000,0.705000,0.705000,0,0.000000,0.000000,0.000000
2021-12-30 00:00:00+08:00,0.705000,0.705000,0.705000,0.705000,0,0.000000,0.000000,0.000000
2021-12-31 00:00:00+08:00,0.705000,0.705000,0.705000,0.705000,0,0.000000,0.000000,0.000000
2022-01-03 00:00:00+08:00,0.705000,0.705000,0.705000,0.705000,0,0.000000,0.000000,0.000000
2022-01-04 00:00:00+08:00,0.705000,0.705000,0.705000,0.705000,0,0.000000,0.000000,0.000000
2022-01-05 00:00:00+08:00,0.705000,0.705000,0.705000,0.705000,0,0.000000,0.000000,0.000000
2022-01-06 00:00:00+08:00,0.710000,0.710000,0.710000,0.710000,10000,0.000000,0.000000,0.000000
2022-01-07 00:00:00+08:00,0.710000,0.710000,0.710000,0.710000,0,0.000000,0.000000,0.000000
2022-01-10 00:00:00+08:00,0.710000,0.710000,0.710000,0.710000,0,0.000000,0.000000,0.000000
2022-01-11 00:00:00+08:00,0.710000,0.710000,0.710000,0.710000,0,0.000000,0.000000,0.000000
2022-01-12 00:00:00+08:00,0.710000,0.710000,0.710000,0.710000,0,0.000000,0.000000,0.000000
2022-01-13 00:00:00+08:00,0.710000,0.710000,0.710000,0.710000,0,0.000000,0.000000,0.000000
2022-01-14 00:00:00+08:00,0.710000,0.710000,0.710000,0.710000,0,0.000000,0.000000,0.000000
2022-01-17 00:00:00+08:00,0.710000,0.710000,0.710000,0.710000,0,0.000000,0.000000,0.000000
2022-01-18 00:00:00+08:00,0.710000,0.710000,0.710000,0.710000,0,0.000000,0.000000,0.000000
2022-01-19 00:00:00+08:00,0.710000,0.710000,0.710000,0.710000,0,0.000000,0.000000,0.000000
2022-01-20 00:00:00+08:00,0.710000,0.710000,0.710000,0.710000,0,0.000000,0.000000,0.000000
2022-01-21 00:00:00+08:00,0.710000,0.710000,0.710000,0.710000,0,0.000000,0.000000,0.000000
2022-01-24 00:00:00+08:00,0.710000,0.710000,0.710000,0.710000,0,0.000000,0.000000,0.000000
2022-01-25 00:00:00+08:00,0.710000,0.710000,0.710000,0.710000,0,0.000000,0.000000,0.000000
2022-01-26 00:00:00+08:00,0.710000,0.710000,0.710000,0.710000,0,0.000000,0.000000,0.000000
2022-01-27 00:00:00+08:00,0.692000,0.692000,0.690000,0.690000,787000,0.000000,0.000000,0.000000
2022-01-28 00:00:00+08:00,0.685000,0.685000,0.685000,0.685000,145000,0.000000,0.000000,0.000000
2022-01-31 00:00:00+08:00,0.685000,0.685000,0.685000,0.685000,0,0.000000,0.000000,0.000000
2022-02-03 00:00:00+08:00,0.685000,0.685000,0.685000,0.685000,0,0.000000,0.000000,0.000000
2022-02-04 00:00:00+08:00,0.685000,0.685000,0.685000,0.685000,0,0.000000,0.000000,0.000000
2022-02-07 00:00:00+08:00,0.685000,0.685000,0.685000,0.685000,0,0.000000,0.000000,0.000000
2022-02-08 00:00:00+08:00,0.700000,0.700000,0.700000,0.700000,285000,0.000000,0.000000,0.000000
2022-02-09 00:00:00+08:00,0.700000,0.700000,0.700000,0.700000,0,0.000000,0.000000,0.000000
2022-02-10 00:00:00+08:00,0.700000,0.700000,0.700000,0.700000,0,0.000000,0.000000,0.000000
2022-02-11 00:00:00+08:00,0.700000,0.700000,0.700000,0.700000,0,0.000000,0.000000,0.000000
2022-02-14 00:00:00+08:00,0.701000,0.701000,0.700000,0.700000,414000,0.000000,0.000000,0.000000
2022-02-15 00:00:00+08:00,0.700000,0.700000,0.700000,0.700000,0,0.000000,0.000000,0.000000
2022-02-16 00:00:00+08:00,0.704000,0.705000,0.704000,0.704000,381000,0.000000,0.000000,0.000000
2022-02-17 00:00:00+08:00,0.704000,0.704000,0.704000,0.704000,0,0.000000,0.000000,0.000000
2022-02-18 00:00:00+08:00,0.704000,0.704000,0.704000,0.704000,0,0.000000,0.000000,0.000000
2022-02-21 00:00:00+08:00,0.704000,0.704000,0.704000,0.704000,0,0.000000,0.000000,0.000000
2022-02-22 00:00:00+08:00,0.704000,0.704000,0.704000,0.704000,0,0.000000,0.000000,0.000000
2022-02-23 00:00:00+08:00,0.704000,0.704000,0.704000,0.704000,0,0.000000,0.000000,0.000000
2022-02-24 00:00:00+08:00,0.704000,0.704000,0.704000,0.704000,0,0.000000,0.000000,0.000000
2022-02-25 00:00:00+08:00,0.704000,0.704000,0.704000,0.704000,0,0.000000,0.000000,0.000000
2022-02-28 00:00:00+08:00,0.704000,0.704000,0.704000,0.704000,0,0.000000,0.000000,0.000000
2022-03-01 00:00:00+08:00,0.704000,0.704000,0.704000,0.704000,0,0.000000,0.000000,0.000000
2022-03-02 00:00:00+08:00,0.704000,0.704000,0.704000,0.704000,0,0.000000,0.000000,0.000000
2022-03-03 00:00:00+08:00,0.708000,0.709000,0.708000,0.709000,166000,0.000000,0.000000,0.000000
2022-03-04 00:00:00+08:00,0.703000,0.703000,0.703000,0.703000,81000,0.000000,0.000000,0.000000
2022-03-07 00:00:00+08:00,0.705000,0.705000,0.705000,0.705000,235000,0.000000,0.000000,0.000000
2022-03-08 00:00:00+08:00,0.690000,0.690000,0.690000,0.690000,85000,0.000000,0.000000,0.000000
2022-03-09 00:00:00+08:00,0.690000,0.690000,0.690000,0.690000,0,0.000000,0.000000,0.000000
2022-03-10 00:00:00+08:00,0.690000,0.690000,0.690000,0.690000,0,0.000000,0.000000,0.000000
2022-03-11 00:00:00+08:00,0.690000,0.690000,0.690000,0.690000,0,0.000000,0.000000,0.000000
2022-03-14 00:00:00+08:00,0.690000,0.690000,0.690000,0.690000,0,0.000000,0.000000,0.000000
2022-03-15 00:00:00+08:00,0.695000,0.695000,0.695000,0.695000,81080,0.000000,0.000000,0.000000
2022-03-16 00:00:00+08:00,0.702000,0.703000,0.702000,0.703000,166000,0.000000,0.000000,0.000000
2022-03-17 00:00:00+08:00,0.703000,0.703000,0.703000,0.703000,0,0.000000,0.000000,0.000000
2022-03-18 00:00:00+08:00,0.722000,0.722000,0.722000,0.722000,72000,0.000000,0.000000,0.000000
2022-03-21 00:00:00+08:00,0.722000,0.722000,0.722000,0.722000,0,0.000000,0.000000,0.000000
2022-03-22 00:00:00+08:00,0.722000,0.722000,0.722000,0.722000,0,0.000000,0.000000,0.000000
2022-03-23 00:00:00+08:00,0.728000,0.728000,0.728000,0.728000,93,0.000000,0.000000,0.000000
2022-03-24 00:00:00+08:00,0.728000,0.728000,0.728000,0.728000,0,0.000000,0.000000,0.000000
2022-03-25 00:00:00+08:00,0.728000,0.728000,0.728000,0.728000,0,0.000000,0.000000,0.000000
2022-03-28 00:00:00+08:00,0.727000,0.727000,0.726000,0.726000,166000,0.000000,0.000000,0.000000
2022-03-29 00:00:00+08:00,0.726000,0.726000,0.726000,0.726000,0,0.000000,0.000000,0.000000
2022-03-30 00:00:00+08:00,0.726000,0.726000,0.726000,0.726000,0,0.000000,0.000000,0.000000
2022-03-31 00:00:00+08:00,0.726000,0.726000,0.726000,0.726000,0,0.000000,0.000000,0.000000
2022-04-01 00:00:00+08:00,0.740000,0.740000,0.735000,0.735000,2,0.000000,0.000000,0.000000
2022-04-04 00:00:00+08:00,0.735000,0.735000,0.735000,0.735000,0,0.000000,0.000000,0.000000
2022-04-05 00:00:00+08:00,0.735000,0.735000,0.735000,0.735000,0,0.000000,0.000000,0.000000
2022-04-06 00:00:00+08:00,0.735000,0.735000,0.735000,0.735000,204000,0.000000,0.000000,0.000000
2022-04-07 00:00:00+08:00,0.735000,0.735000,0.735000,0.735000,0,0.000000,0.000000,0.000000
2022-04-08 00:00:00+08:00,0.735000,0.735000,0.735000,0.735000,0,0.000000,0.000000,0.000000
2022-04-11 00:00:00+08:00,0.724000,0.724000,0.721000,0.721000,373400,0.000000,0.000000,0.000000
2022-04-12 00:00:00+08:00,0.721000,0.721000,0.720000,0.720000,225000,0.000000,0.000000,0.000000
2022-04-13 00:00:00+08:00,0.720000,0.720000,0.720000,0.720000,0,0.000000,0.000000,0.000000
2022-04-14 00:00:00+08:00,0.720000,0.720000,0.720000,0.720000,0,0.000000,0.000000,0.000000
2022-04-18 00:00:00+08:00,0.720000,0.720000,0.720000,0.720000,0,0.000000,0.000000,0.000000
2022-04-19 00:00:00+08:00,0.720000,0.720000,0.720000,0.720000,0,0.000000,0.000000,0.000000
2022-04-20 00:00:00+08:00,0.720000,0.720000,0.720000,0.720000,0,0.000000,0.000000,0.000000
2022-04-21 00:00:00+08:00,0.720000,0.720000,0.720000,0.720000,0,0.000000,0.000000,0.000000
2022-04-22 00:00:00+08:00,0.720000,0.720000,0.720000,0.720000,0,0.000000,0.000000,0.000000
2022-04-25 00:00:00+08:00,0.720000,0.720000,0.720000,0.720000,0,0.000000,0.000000,0.000000
2022-04-26 00:00:00+08:00,0.720000,0.720000,0.720000,0.720000,0,0.000000,0.000000,0.000000
2022-04-27 00:00:00+08:00,0.720000,0.720000,0.720000,0.720000,0,0.000000,0.000000,0.000000
2022-04-28 00:00:00+08:00,0.720000,0.720000,0.720000,0.720000,0,0.000000,0.000000,0.000000
2022-04-29 00:00:00+08:00,0.720000,0.720000,0.720000,0.720000,0,0.000000,0.000000,0.000000
2022-05-04 00:00:00+08:00,0.720000,0.720000,0.720000,0.720000,0,0.000000,0.000000,0.000000
2022-05-05 00:00:00+08:00,0.720000,0.720000,0.720000,0.720000,0,0.000000,0.000000,0.000000
2022-05-06 00:00:00+08:00,0.698000,0.699000,0.698000,0.699000,214000,0.000000,0.000000,0.000000
2022-05-09 00:00:00+08:00,0.699000,0.699000,0.699000,0.699000,0,0.000000,0.000000,0.000000
2022-05-10 00:00:00+08:00,0.685000,0.685000,0.683000,0.683000,167000,0.000000,0.000000,0.000000
2022-05-11 00:00:00+08:00,0.683000,0.683000,0.683000,0.683000,0,0.000000,0.000000,0.000000
2022-05-12 00:00:00+08:00,0.680000,0.680000,0.675000,0.675000,319000,0.000000,0.000000,0.000000
2022-05-13 00:00:00+08:00,0.675000,0.675000,0.675000,0.675000,0,0.000000,0.000000,0.000000
2022-05-17 00:00:00+08:00,0.680000,0.680000,0.677000,0.677000,185000,0.000000,0.000000,0.000000
2022-05-18 00:00:00+08:00,0.677000,0.677000,0.677000,0.677000,0,0.000000,0.000000,0.000000
2022-05-19 00:00:00+08:00,0.677000,0.677000,0.677000,0.677000,0,0.000000,0.000000,0.000000
2022-05-20 00:00:00+08:00,0.677000,0.677000,0.677000,0.677000,0,0.000000,0.000000,0.000000
2022-05-23 00:00:00+08:00,0.677000,0.677000,0.677000,0.677000,0,0.000000,0.000000,0.000000
2022-05-24 00:00:00+08:00,0.677000,0.677000,0.677000,0.677000,0,0.000000,0.000000,0.000000
2022-05-25 00:00:00+08:00,0.677000,0.677000,0.677000,0.677000,0,0.000000,0.000000,0.000000
2022-05-26 00:00:00+08:00,0.677000,0.677000,0.677000,0.677000,0,0.000000,0.000000,0.000000
2022-05-27 00:00:00+08:00,0.677000,0.677000,0.677000,0.677000,0,0.000000,0.000000,0.000000
2022-05-30 00:00:00+08:00,0.677000,0.677000,0.677000,0.677000,0,0.000000,0.000000,0.000000
2022-05-31 00:00:00+08:00,0.677000,0.677000,0.677000,0.677000,0,0.000000,0.000000,0.000000
2022-06-01 00:00:00+08:00,0.677000,0.677000,0.677000,0.677000,0,0.000000,0.000000,0.000000
2022-06-02 00:00:00+08:00,0.677000,0.677000,0.677000,0.677000,0,0.000000,0.000000,0.000000
2022-06-03 00:00:00+08:00,0.677000,0.677000,0.677000,0.677000,0,0.000000,0.000000,0.000000
2022-06-06 00:00:00+08:00,0.696000,0.696000,0.696000,0.696000,30000,0.000000,0.000000,0.000000
2022-06-07 00:00:00+08:00,0.696000,0.696000,0.696000,0.696000,0,0.000000,0.000000,0.000000
2022-06-08 00:00:00+08:00,0.696000,0.696000,0.696000,0.696000,0,0.000000,0.000000,0.000000
2022-06-09 00:00:00+08:00,0.699000,0.700000,0.699000,0.700000,148000,0.000000,0.000000,0.000000
2022-06-10 00:00:00+08:00,0.700000,0.700000,0.700000,0.700000,0,0.000000,0.000000,0.000000
2022-06-13 00:00:00+08:00,0.700000,0.700000,0.700000,0.700000,0,0.000000,0.000000,0.000000
2022-06-14 00:00:00+08:00,0.669000,0.669000,0.669000,0.669000,149000,0.000000,0.000000,0.000000
2022-06-15 00:00:00+08:00,0.669000,0.669000,0.669000,0.669000,0,0.000000,0.000000,0.000000
2022-06-16 00:00:00+08:00,0.676000,0.676000,0.676000,0.676000,147800,0.000000,0.000000,0.000000
2022-06-17 00:00:00+08:00,0.676000,0.676000,0.676000,0.676000,0,0.000000,0.000000,0.000000
2022-06-20 00:00:00+08:00,0.671000,0.671000,0.670000,0.670000,262000,0.000000,0.000000,0.000000
2022-06-21 00:00:00+08:00,0.670000,0.670000,0.670000,0.670000,0,0.000000,0.000000,0.000000
2022-06-22 00:00:00+08:00,0.670000,0.670000,0.670000,0.670000,0,0.000000,0.000000,0.000000
2022-06-23 00:00:00+08:00,0.670000,0.670000,0.670000,0.670000,0,0.000000,0.000000,0.000000
2022-06-24 00:00:00+08:00,0.670000,0.670000,0.670000,0.670000,0,0.000000,0.000000,0.000000
2022-06-27 00:00:00+08:00,0.670000,0.670000,0.670000,0.670000,0,0.000000,0.000000,0.000000
2022-06-28 00:00:00+08:00,0.670000,0.670000,0.670000,0.670000,0,0.000000,0.000000,0.000000
2022-06-29 00:00:00+08:00,0.670000,0.670000,0.670000,0.670000,0,0.000000,0.000000,0.000000
2022-06-30 00:00:00+08:00,0.670000,0.670000,0.670000,0.670000,0,0.000000,0.000000,0.000000
2022-07-01 00:00:00+08:00,0.675000,0.675000,0.675000,0.675000,85000,0.000000,0.000000,0.000000
2022-07-04 00:00:00+08:00,0.675000,0.675000,0.675000,0.675000,0,0.000000,0.000000,0.000000
2022-07-05 00:00:00+08:00,0.675000,0.675000,0.675000,0.675000,0,0.000000,0.000000,0.000000
2022-07-06 00:00:00+08:00,0.675000,0.675000,0.675000,0.675000,0,0.000000,0.000000,0.000000
2022-07-07 00:00:00+08:00,0.675000,0.675000,0.675000,0.675000,0,0.000000,0.000000,0.000000
2022-07-08 00:00:00+08:00,0.675000,0.675000,0.675000,0.675000,0,0.000000,0.000000,0.000000
2022-07-12 00:00:00+08:00,0.675000,0.675000,0.675000,0.675000,0,0.000000,0.000000,0.000000
2022-07-13 00:00:00+08:00,0.675000,0.675000,0.675000,0.675000,0,0.000000,0.000000,0.000000
2022-07-14 00:00:00+08:00,0.675000,0.675000,0.675000,0.675000,0,0.000000,0.000000,0.000000
2022-07-15 00:00:00+08:00,0.665000,0.666000,0.665000,0.666000,170000,0.000000,0.000000,0.000000
2022-07-18 00:00:00+08:00,0.674000,0.675000,0.674000,0.675000,33000,0.000000,0.000000,0.000000
2022-07-19 00:00:00+08:00,0.660000,0.660000,0.655000,0.655000,8189,0.000000,0.000000,0.000000
2022-07-20 00:00:00+08:00,0.655000,0.655000,0.655000,0.655000,0,0.000000,0.000000,0.000000
2022-07-21 00:00:00+08:00,0.655000,0.655000,0.655000,0.655000,0,0.000000,0.000000,0.000000
2022-07-22 00:00:00+08:00,0.655000,0.655000,0.655000,0.655000,0,0.000000,0.000000,0.000000
2022-07-25 00:00:00+08:00,0.655000,0.655000,0.655000,0.655000,0,0.000000,0.000000,0.000000
2022-07-26 00:00:00+08:00,0.655000,0.655000,0.655000,0.655000,0,0.000000,0.000000,0.000000
2022-07-27 00:00:00+08:00,0.655000,0.655000,0.655000,0.655000,0,0.000000,0.000000,0.000000
2022-07-28 00:00:00+08:00,0.680000,0.680000,0.680000,0.680000,3676,0.000000,0.000000,0.000000
2022-07-29 00:00:00+08:00,0.680000,0.680000,0.680000,0.680000,0,0.000000,0.000000,0.000000
2022-08-01 00:00:00+08:00,0.680000,0.680000,0.680000,0.680000,0,0.000000,0.000000,0.000000
2022-08-02 00:00:00+08:00,0.680000,0.680000,0.680000,0.680000,0,0.000000,0.000000,0.000000
2022-08-03 00:00:00+08:00,0.680000,0.680000,0.680000,0.680000,0,0.000000,0.000000,0.000000
2022-08-04 00:00:00+08:00,0.691000,0.691000,0.691000,0.691000,200,0.000000,0.000000,0.000000
2022-08-05 00:00:00+08:00,0.690000,0.690000,0.690000,0.690000,85000,0.000000,0.000000,0.000000
2022-08-08 00:00:00+08:00,0.690000,0.690000,0.690000,0.690000,0,0.000000,0.000000,0.000000
2022-08-10 00:00:00+08:00,0.690000,0.690000,0.690000,0.690000,0,0.000000,0.000000,0.000000
2022-08-11 00:00:00+08:00,0.690000,0.690000,0.690000,0.690000,0,0.000000,0.000000,0.000000
2022-08-12 00:00:00+08:00,0.690000,0.690000,0.690000,0.690000,0,0.000000,0.000000,0.000000
2022-08-15 00:00:00+08:00,0.690000,0.690000,0.690000,0.690000,0,0.000000,0.000000,0.000000
2022-08-16 00:00:00+08:00,0.696000,0.696000,0.696000,0.696000,81000,0.000000,0.000000,0.000000
2022-08-17 00:00:00+08:00,0.696000,0.696000,0.696000,0.696000,0,0.000000,0.000000,0.000000
2022-08-18 00:00:00+08:00,0.696000,0.696000,0.696000,0.696000,0,0.000000,0.000000,0.000000
2022-08-19 00:00:00+08:00,0.696000,0.696000,0.696000,0.696000,0,0.000000,0.000000,0.000000
2022-08-22 00:00:00+08:00,0.696000,0.696000,0.696000,0.696000,0,0.000000,0.000000,0.000000
2022-08-23 00:00:00+08:00,0.696000,0.696000,0.696000,0.696000,0,0.000000,0.000000,0.000000
2022-08-24 00:00:00+08:00,0.696000,0.696000,0.696000,0.696000,0,0.000000,0.000000,0.000000
2022-08-25 00:00:00+08:00,0.696000,0.696000,0.696000,0.696000,0,0.000000,0.000000,0.000000
2022-08-26 00:00:00+08:00,0.696000,0.696000,0.696000,0.696000,0,0.000000,0.000000,0.000000
2022-08-29 00:00:00+08:00,0.662000,0.662000,0.662000,0.662000,81000,0.000000,0.000000,0.000000
2022-08-30 00:00:00+08:00,0.662000,0.662000,0.662000,0.662000,0,0.000000,0.000000,0.000000
2022-08-31 00:00:00+08:00,0.659000,0.659000,0.659000,0.659000,352,0.000000,0.000000,0.000000
2022-09-01 00:00:00+08:00,0.659000,0.659000,0.659000,0.659000,0,0.000000,0.000000,0.000000
2022-09-02 00:00:00+08:00,0.659000,0.659000,0.659000,0.659000,0,0.000000,0.000000,0.000000
2022-09-05 00:00:00+08:00,0.659000,0.659000,0.659000,0.659000,0,0.000000,0.000000,0.000000
2022-09-06 00:00:00+08:00,0.656000,0.656000,0.656000,0.656000,85000,0.000000,0.000000,0.000000
2022-09-07 00:00:00+08:00,0.649000,0.649000,0.649000,0.649000,127898,0.000000,0.000000,0.000000
2022-09-08 00:00:00+08:00,0.649000,0.649000,0.649000,0.649000,0,0.000000,0.000000,0.000000
2022-09-09 00:00:00+08:00,0.649000,0.649000,0.649000,0.649000,0,0.000000,0.000000,0.000000
2022-09-12 00:00:00+08:00,0.649000,0.649000,0.649000,0.649000,0,0.000000,0.000000,0.000000
2022-09-13 00:00:00+08:00,0.649000,0.649000,0.649000,0.649000,0,0.000000,0.000000,0.000000
2022-09-14 00:00:00+08:00,0.660000,0.660000,0.658000,0.658000,232484,0.000000,0.000000,0.000000
2022-09-15 00:00:00+08:00,0.661000,0.661000,0.661000,0.661000,920,0.000000,0.000000,0.000000
2022-09-16 00:00:00+08:00,0.661000,0.661000,0.661000,0.661000,0,0.000000,0.000000,0.000000
2022-09-19 00:00:00+08:00,0.661000,0.661000,0.661000,0.661000,0,0.000000,0.000000,0.000000
2022-09-20 00:00:00+08:00,0.661000,0.661000,0.661000,0.661000,0,0.000000,0.000000,0.000000
2022-09-21 00:00:00+08:00,0.661000,0.661000,0.661000,0.661000,0,0.000000,0.000000,0.000000
2022-09-22 00:00:00+08:00,0.661000,0.661000,0.661000,0.661000,0,0.000000,0.000000,0.000000
2022-09-23 00:00:00+08:00,0.661000,0.661000,0.661000,0.661000,0,0.000000,0.000000,0.000000
2022-09-26 00:00:00+08:00,0.628000,0.628000,0.628000,0.628000,200,0.000000,0.000000,0.000000
2022-09-27 00:00:00+08:00,0.628000,0.628000,0.628000,0.628000,0,0.000000,0.000000,0.000000
2022-09-28 00:00:00+08:00,0.628000,0.628000,0.628000,0.628000,0,0.000000,0.000000,0.000000
2022-09-29 00:00:00+08:00,0.628000,0.628000,0.628000,0.628000,0,0.000000,0.000000,0.000000
2022-09-30 00:00:00+08:00,0.628000,0.628000,0.628000,0.628000,0,0.000000,0.000000,0.000000
2022-10-03 00:00:00+08:00,0.628000,0.628000,0.628000,0.628000,0,0.000000,0.000000,0.000000
2022-10-04 00:00:00+08:00,0.628000,0.628000,0.628000,0.628000,0,0.000000,0.000000,0.000000
2022-10-05 00:00:00+08:00,0.628000,0.628000,0.628000,0.628000,0,0.000000,0.000000,0.000000
2022-10-06 00:00:00+08:00,0.628000,0.628000,0.628000,0.628000,0,0.000000,0.000000,0.000000
2022-10-07 00:00:00+08:00,0.628000,0.628000,0.628000,0.628000,0,0.000000,0.000000,0.000000
2022-10-10 00:00:00+08:00,0.628000,0.628000,0.628000,0.628000,0,0.000000,0.000000,0.000000
2022-10-11 00:00:00+08:00,0.584000,0.584000,0.584000,0.584000,2570,0.000000,0.000000,0.000000
2022-10-12 00:00:00+08:00,0.584000,0.584000,0.584000,0.584000,0,0.000000,0.000000,0.000000
2022-10-13 00:00:00+08:00,0.584000,0.584000,0.584000,0.584000,0,0.000000,0.000000,0.000000
2022-10-14 00:00:00+08:00,0.584000,0.584000,0.584000,0.584000,0,0.000000,0.000000,0.000000
2022-10-17 00:00:00+08:00,0.584000,0.584000,0.584000,0.584000,0,0.000000,0.000000,0.000000
2022-10-18 00:00:00+08:00,0.574000,0.574000,0.574000,0.574000,81000,0.000000,0.000000,0.000000
2022-10-19 00:00:00+08:00,0.574000,0.574000,0.574000,0.574000,0,0.000000,0.000000,0.000000
2022-10-20 00:00:00+08:00,0.574000,0.574000,0.574000,0.574000,0,0.000000,0.000000,0.000000
2022-10-21 00:00:00+08:00,0.540000,0.540000,0.540000,0.540000,1000,0.000000,0.000000,0.000000
2022-10-25 00:00:00+08:00,0.540000,0.540000,0.540000,0.540000,0,0.000000,0.000000,0.000000
2022-10-26 00:00:00+08:00,0.540000,0.540000,0.540000,0.540000,0,0.000000,0.000000,0.000000
2022-10-27 00:00:00+08:00,0.540000,0.540000,0.540000,0.540000,0,0.000000,0.000000,0.000000
2022-10-28 00:00:00+08:00,0.540000,0.540000,0.540000,0.540000,0,0.000000,0.000000,0.000000
2022-10-31 00:00:00+08:00,0.576000,0.576000,0.565000,0.565000,188000,0.000000,0.000000,0.000000
2022-11-01 00:00:00+08:00,0.565000,0.565000,0.565000,0.565000,0,0.000000,0.000000,0.000000
2022-11-02 00:00:00+08:00,0.565000,0.565000,0.565000,0.565000,0,0.000000,0.000000,0.000000
2022-11-03 00:00:00+08:00,0.566000,0.566000,0.561000,0.561000,204000,0.000000,0.000000,0.000000
2022-11-04 00:00:00+08:00,0.563000,0.563000,0.563000,0.563000,13000,0.000000,0.000000,0.000000
2022-11-07 00:00:00+08:00,0.563000,0.563000,0.563000,0.563000,0,0.000000,0.000000,0.000000
2022-11-08 00:00:00+08:00,0.566000,0.566000,0.566000,0.566000,88000,0.000000,0.000000,0.000000
2022-11-09 00:00:00+08:00,0.566000,0.566000,0.566000,0.566000,0,0.000000,0.000000,0.000000
2022-11-10 00:00:00+08:00,0.566000,0.566000,0.566000,0.566000,0,0.000000,0.000000,0.000000
2022-11-11 00:00:00+08:00,0.610000,0.610000,0.610000,0.610000,10000,0.000000,0.000000,0.000000
2022-11-14 00:00:00+08:00,0.610000,0.610000,0.610000,0.610000,0,0.000000,0.000000,0.000000
2022-11-15 00:00:00+08:00,0.610000,0.610000,0.610000,0.610000,0,0.000000,0.000000,0.000000
2022-11-16 00:00:00+08:00,0.610000,0.610000,0.610000,0.610000,0,0.000000,0.000000,0.000000
2022-11-17 00:00:00+08:00,0.610000,0.610000,0.610000,0.610000,0,0.000000,0.000000,0.000000
2022-11-18 00:00:00+08:00,0.610000,0.610000,0.610000,0.610000,0,0.000000,0.000000,0.000000
2022-11-21 00:00:00+08:00,0.610000,0.610000,0.610000,0.610000,0,0.000000,0.000000,0.000000
2022-11-22 00:00:00+08:00,0.610000,0.610000,0.610000,0.610000,0,0.000000,0.000000,0.000000
2022-11-23 00:00:00+08:00,0.610000,0.610000,0.610000,0.610000,0,0.000000,0.000000,0.000000
2022-11-24 00:00:00+08:00,0.610000,0.610000,0.610000,0.610000,0,0.000000,0.000000,0.000000
2022-11-25 00:00:00+08:00,0.610000,0.610000,0.610000,0.610000,0,0.000000,0.000000,0.000000
2022-11-28 00:00:00+08:00,0.610000,0.610000,0.610000,0.610000,0,0.000000,0.000000,0.000000
2022-11-29 00:00:00+08:00,0.610000,0.610000,0.610000,0.610000,0,0.000000,0.000000,0.000000
2022-11-30 00:00:00+08:00,0.610000,0.610000,0.610000,0.610000,0,0.000000,0.000000,0.000000
2022-12-01 00:00:00+08:00,0.610000,0.610000,0.610000,0.610000,0,0.000000,0.000000,0.000000
2022-12-02 00:00:00+08:00,0.610000,0.610000,0.610000,0.610000,0,0.000000,0.000000,0.000000
2022-12-05 00:00:00+08:00,0.626000,0.626000,0.626000,0.626000,50019,0.000000,0.000000,0.000000
2022-12-06 00:00:00+08:00,0.626000,0.626000,0.626000,0.626000,0,0.000000,0.000000,0.000000
2022-12-07 00:00:00+08:00,0.626000,0.626000,0.626000,0.626000,0,0.000000,0.000000,0.000000
2022-12-08 00:00:00+08:00,0.626000,0.626000,0.626000,0.626000,0,0.000000,0.000000,0.000000
2022-12-09 00:00:00+08:00,0.626000,0.626000,0.626000,0.626000,0,0.000000,0.000000,0.000000
2022-12-12 00:00:00+08:00,0.626000,0.626000,0.626000,0.626000,0,0.000000,0.000000,0.000000
2022-12-13 00:00:00+08:00,0.626000,0.626000,0.626000,0.626000,0,0.000000,0.000000,0.000000
2022-12-14 00:00:00+08:00,0.626000,0.626000,0.626000,0.626000,0,0.000000,0.000000,0.000000
2022-12-15 00:00:00+08:00,0.626000,0.626000,0.626000,0.626000,0,0.000000,0.000000,0.000000
2022-12-16 00:00:00+08:00,0.626000,0.626000,0.626000,0.626000,0,0.000000,0.000000,0.000000
2022-12-19 00:00:00+08:00,0.626000,0.626000,0.626000,0.626000,0,0.000000,0.000000,0.000000
2022-12-20 00:00:00+08:00,0.626000,0.626000,0.626000,0.626000,0,0.000000,0.000000,0.000000
2022-12-21 00:00:00+08:00,0.626000,0.626000,0.626000,0.626000,0,0.000000,0.000000,0.000000
2022-12-22 00:00:00+08:00,0.626000,0.626000,0.626000,0.626000,0,0.000000,0.000000,0.000000
2022-12-23 00:00:00+08:00,0.626000,0.626000,0.626000,0.626000,0,0.000000,0.000000,0.000000
2022-12-27 00:00:00+08:00,0.626000,0.626000,0.626000,0.626000,0,0.000000,0.000000,0.000000
2022-12-28 00:00:00+08:00,0.626000,0.626000,0.626000,0.626000,0,0.000000,0.000000,0.000000
2022-12-29 00:00:00+08:00,0.626000,0.626000,0.626000,0.626000,0,0.000000,0.000000,0.000000
2022-12-30 00:00:00+08:00,0.626000,0.626000,0.626000,0.626000,0,0.000000,0.000000,0.000000
2023-01-03 00:00:00+08:00,0.626000,0.626000,0.626000,0.626000,0,0.000000,0.000000,0.000000
2023-01-04 00:00:00+08:00,0.626000,0.626000,0.626000,0.626000,0,0.000000,0.000000,0.000000
2023-01-05 00:00:00+08:00,0.626000,0.626000,0.626000,0.626000,0,0.000000,0.000000,0.000000
2023-01-06 00:00:00+08:00,0.626000,0.626000,0.626000,0.626000,0,0.000000,0.000000,0.000000
2023-01-09 00:00:00+08:00,0.626000,0.626000,0.626000,0.626000,0,0.000000,0.000000,0.000000
2023-01-10 00:00:00+08:00,0.626000,0.626000,0.626000,0.626000,0,0.000000,0.000000,0.000000
2023-01-11 00:00:00+08:00,0.626000,0.626000,0.626000,0.626000,0,0.000000,0.000000,0.000000
2023-01-12 00:00:00+08:00,0.626000,0.626000,0.626000,0.626000,0,0.000000,0.000000,0.000000
2023-01-13 00:00:00+08:00,0.626000,0.626000,0.626000,0.626000,0,0.000000,0.000000,0.000000
2023-01-16 00:00:00+08:00,0.626000,0.626000,0.626000,0.626000,0,0.000000,0.000000,0.000000
2023-01-17 00:00:00+08:00,0.626000,0.626000,0.626000,0.626000,0,0.000000,0.000000,0.000000
2023-01-18 00:00:00+08:00,0.626000,0.626000,0.626000,0.626000,0,0.000000,0.000000,0.000000
2023-01-19 00:00:00+08:00,0.626000,0.626000,0.626000,0.626000,0,0.000000,0.000000,0.000000
2023-01-20 00:00:00+08:00,0.626000,0.626000,0.626000,0.626000,0,0.000000,0.000000,0.000000
2023-01-25 00:00:00+08:00,0.626000,0.626000,0.626000,0.626000,0,0.000000,0.000000,0.000000
2023-01-26 00:00:00+08:00,0.669000,0.671000,0.669000,0.671000,150000,0.000000,0.000000,0.000000
2023-01-27 00:00:00+08:00,0.671000,0.671000,0.671000,0.671000,0,0.000000,0.000000,0.000000
2023-01-30 00:00:00+08:00,0.671000,0.671000,0.671000,0.671000,0,0.000000,0.000000,0.000000
2023-01-31 00:00:00+08:00,0.671000,0.671000,0.671000,0.671000,0,0.000000,0.000000,0.000000
2023-02-01 00:00:00+08:00,0.671000,0.671000,0.671000,0.671000,0,0.000000,0.000000,0.000000
2023-02-02 00:00:00+08:00,0.671000,0.671000,0.671000,0.671000,0,0.000000,0.000000,0.000000
2023-02-03 00:00:00+08:00,0.671000,0.671000,0.671000,0.671000,0,0.000000,0.000000,0.000000
2023-02-06 00:00:00+08:00,0.671000,0.671000,0.671000,0.671000,0,0.000000,0.000000,0.000000
2023-02-07 00:00:00+08:00,0.671000,0.671000,0.671000,0.671000,0,0.000000,0.000000,0.000000
2023-02-08 00:00:00+08:00,0.671000,0.671000,0.671000,0.671000,0,0.000000,0.000000,0.000000
2023-02-09 00:00:00+08:00,0.671000,0.671000,0.671000,0.671000,0,0.000000,0.000000,0.000000
2023-02-10 00:00:00+08:00,0.660000,0.660000,0.660000,0.660000,500,0.000000,0.000000,0.000000
2023-02-13 00:00:00+08:00,0.650000,0.650000,0.649000,0.649000,1053,0.000000,0.000000,0.000000
2023-02-14 00:00:00+08:00,0.649000,0.649000,0.649000,0.649000,1,0.000000,0.000000,0.000000
2023-02-15 00:00:00+08:00,0.649000,0.649000,0.649000,0.649000,0,0.000000,0.000000,0.000000
2023-02-16 00:00:00+08:00,0.649000,0.649000,0.649000,0.649000,0,0.000000,0.000000,0.000000
2023-02-17 00:00:00+08:00,0.649000,0.649000,0.649000,0.649000,0,0.000000,0.000000,0.000000
2023-02-20 00:00:00+08:00,0.649000,0.649000,0.645000,0.645000,8800,0.000000,0.000000,0.000000
2023-02-21 00:00:00+08:00,0.645000,0.645000,0.645000,0.645000,0,0.000000,0.000000,0.000000
2023-02-22 00:00:00+08:00,0.645000,0.645000,0.645000,0.645000,0,0.000000,0.000000,0.000000
2023-02-23 00:00:00+08:00,0.645000,0.645000,0.645000,0.645000,0,0.000000,0.000000,0.000000
2023-02-24 00:00:00+08:00,0.645000,0.645000,0.645000,0.645000,0,0.000000,0.000000,0.000000
2023-02-27 00:00:00+08:00,0.645000,0.645000,0.645000,0.645000,0,0.000000,0.000000,0.000000
2023-02-28 00:00:00+08:00,0.645000,0.645000,0.645000,0.645000,0,0.000000,0.000000,0.000000
2023-03-01 00:00:00+08:00,0.645000,0.645000,0.645000,0.645000,0,0.000000,0.000000,0.000000
2023-03-02 00:00:00+08:00,0.645000,0.645000,0.645000,0.645000,0,0.000000,0.000000,0.000000
2023-03-03 00:00:00+08:00,0.645000,0.645000,0.645000,0.645000,0,0.000000,0.000000,0.000000
2023-03-06 00:00:00+08:00,0.631000,0.631000,0.631000,0.631000,16000,0.000000,0.000000,0.000000
2023-03-07 00:00:00+08:00,0.631000,0.631000,0.631000,0.631000,0,0.000000,0.000000,0.000000
2023-03-08 00:00:00+08:00,0.631000,0.631000,0.631000,0.631000,0,0.000000,0.000000,0.000000
2023-03-09 00:00:00+08:00,0.623000,0.623000,0.623000,0.623000,352,0.000000,0.000000,0.000000
2023-03-10 00:00:00+08:00,0.618000,0.618000,0.618000,0.618000,100,0.000000,0.000000,0.000000
2023-03-13 00:00:00+08:00,0.618000,0.618000,0.618000,0.618000,0,0.000000,0.000000,0.000000
2023-03-14 00:00:00+08:00,0.618000,0.618000,0.618000,0.618000,0,0.000000,0.000000,0.000000
2023-03-15 00:00:00+08:00,0.618000,0.618000,0.618000,0.618000,0,0.000000,0.000000,0.000000
2023-03-16 00:00:00+08:00,0.618000,0.618000,0.618000,0.618000,0,0.000000,0.000000,0.000000
2023-03-17 00:00:00+08:00,0.618000,0.618000,0.618000,0.618000,0,0.000000,0.000000,0.000000
2023-03-20 00:00:00+08:00,0.618000,0.618000,0.618000,0.618000,0,0.000000,0.000000,0.000000
2023-03-21 00:00:00+08:00,0.618000,0.618000,0.618000,0.618000,0,0.000000,0.000000,0.000000
2023-03-22 00:00:00+08:00,0.618000,0.618000,0.618000,0.618000,0,0.000000,0.000000,0.000000
2023-03-23 00:00:00+08:00,0.618000,0.618000,0.618000,0.618000,0,0.000000,0.000000,0.000000
2023-03-24 00:00:00+08:00,0.618000,0.618000,0.618000,0.618000,0,0.000000,0.000000,0.000000
2023-03-27 00:00:00+08:00,0.646000,0.646000,0.646000,0.646000,88000,0.000000,0.000000,0.000000
2023-03-28 00:00:00+08:00,0.646000,0.646000,0.646000,0.646000,0,0.000000,0.000000,0.000000
2023-03-29 00:00:00+08:00,0.646000,0.646000,0.646000,0.646000,0,0.000000,0.000000,0.000000
2023-03-30 00:00:00+08:00,0.644000,0.644000,0.643000,0.644000,188000,0.000000,0.000000,0.000000
2023-03-31 00:00:00+08:00,0.649000,0.652000,0.649000,0.652000,276000,0.000000,0.000000,0.000000
2023-04-03 00:00:00+08:00,0.659000,0.659000,0.659000,0.659000,100000,0.000000,0.000000,0.000000
2023-04-04 00:00:00+08:00,0.659000,0.659000,0.659000,0.659000,0,0.000000,0.000000,0.000000
2023-04-05 00:00:00+08:00,0.666000,0.666000,0.666000,0.666000,88000,0.000000,0.000000,0.000000
2023-04-06 00:00:00+08:00,0.666000,0.666000,0.666000,0.666000,0,0.000000,0.000000,0.000000
2023-04-10 00:00:00+08:00,0.666000,0.666000,0.666000,0.666000,0,0.000000,0.000000,0.000000
2023-04-11 00:00:00+08:00,0.666000,0.666000,0.666000,0.666000,0,0.000000,0.000000,0.000000
2023-04-12 00:00:00+08:00,0.666000,0.666000,0.666000,0.666000,0,0.000000,0.000000,0.000000
2023-04-13 00:00:00+08:00,0.666000,0.666000,0.666000,0.666000,0,0.000000,0.000000,0.000000
2023-04-14 00:00:00+08:00,0.667000,0.667000,0.667000,0.667000,100000,0.000000,0.000000,0.000000
2023-04-17 00:00:00+08:00,0.665000,0.665000,0.665000,0.665000,3800,0.000000,0.000000,0.000000
2023-04-18 00:00:00+08:00,0.665000,0.665000,0.665000,0.665000,0,0.000000,0.000000,0.000000
2023-04-19 00:00:00+08:00,0.656000,0.656000,0.656000,0.656000,88000,0.000000,0.000000,0.000000
2023-04-20 00:00:00+08:00,0.660000,0.660000,0.660000,0.660000,88000,0.000000,0.000000,0.000000
2023-04-21 00:00:00+08:00,0.660000,0.660000,0.660000,0.660000,0,0.000000,0.000000,0.000000
2023-04-24 00:00:00+08:00,0.658000,0.658000,0.658000,0.658000,88000,0.000000,0.000000,0.000000
2023-04-25 00:00:00+08:00,0.654000,0.654000,0.654000,0.654000,88000,0.000000,0.000000,0.000000
2023-04-26 00:00:00+08:00,0.653000,0.657000,0.653000,0.656000,264000,0.000000,0.000000,0.000000
2023-04-27 00:00:00+08:00,0.656000,0.656000,0.656000,0.656000,0,0.000000,0.000000,0.000000
2023-04-28 00:00:00+08:00,0.657000,0.657000,0.653000,0.653000,2,0.000000,0.000000,0.000000
2023-05-02 00:00:00+08:00,0.653000,0.653000,0.653000,0.653000,0,0.000000,0.000000,0.000000
2023-05-03 00:00:00+08:00,0.649000,0.649000,0.649000,0.649000,90000,0.000000,0.000000,0.000000
2023-05-04 00:00:00+08:00,0.656000,0.656000,0.656000,0.656000,10,0.000000,0.000000,0.000000
2023-05-05 00:00:00+08:00,0.656000,0.656000,0.656000,0.656000,0,0.000000,0.000000,0.000000
2023-05-08 00:00:00+08:00,0.656000,0.656000,0.656000,0.656000,0,0.000000,0.000000,0.000000
2023-05-09 00:00:00+08:00,0.656000,0.656000,0.656000,0.656000,0,0.000000,0.000000,0.000000
2023-05-10 00:00:00+08:00,0.656000,0.656000,0.656000,0.656000,0,0.000000,0.000000,0.000000
2023-05-11 00:00:00+08:00,0.656000,0.656000,0.656000,0.656000,0,0.000000,0.000000,0.000000
2023-05-12 00:00:00+08:00,0.656000,0.656000,0.656000,0.656000,0,0.000000,0.000000,0.000000
2023-05-15 00:00:00+08:00,0.656000,0.656000,0.656000,0.656000,0,0.000000,0.000000,0.000000
2023-05-16 00:00:00+08:00,0.656000,0.656000,0.656000,0.656000,0,0.000000,0.000000,0.000000
2023-05-17 00:00:00+08:00,0.656000,0.656000,0.656000,0.656000,0,0.000000,0.000000,0.000000
2023-05-18 00:00:00+08:00,0.656000,0.656000,0.656000,0.656000,0,0.000000,0.000000,0.000000
2023-05-19 00:00:00+08:00,0.656000,0.656000,0.656000,0.656000,0,0.000000,0.000000,0.000000
2023-05-22 00:00:00+08:00,0.656000,0.656000,0.656000,0.656000,0,0.000000,0.000000,0.000000
2023-05-23 00:00:00+08:00,0.656000,0.656000,0.656000,0.656000,0,0.000000,0.000000,0.000000
2023-05-24 00:00:00+08:00,0.631000,0.631000,0.629000,0.629000,88252,0.000000,0.000000,0.000000
2023-05-25 00:00:00+08:00,0.629000,0.629000,0.629000,0.629000,0,0.000000,0.000000,0.000000
2023-05-26 00:00:00+08:00,0.629000,0.629000,0.629000,0.629000,0,0.000000,0.000000,0.000000
2023-05-29 00:00:00+08:00,0.623000,0.623000,0.623000,0.623000,1688,0.000000,0.000000,0.000000
2023-05-30 00:00:00+08:00,0.623000,0.623000,0.623000,0.623000,0,0.000000,0.000000,0.000000
2023-05-31 00:00:00+08:00,0.623000,0.623000,0.623000,0.623000,0,0.000000,0.000000,0.000000
2023-06-01 00:00:00+08:00,0.623000,0.623000,0.623000,0.623000,0,0.000000,0.000000,0.000000
2023-06-05 00:00:00+08:00,0.625000,0.625000,0.625000,0.625000,6000,0.000000,0.000000,0.000000
2023-06-06 00:00:00+08:00,0.625000,0.625000,0.625000,0.625000,0,0.000000,0.000000,0.000000
2023-06-07 00:00:00+08:00,0.625000,0.625000,0.625000,0.625000,0,0.000000,0.000000,0.000000
2023-06-08 00:00:00+08:00,0.619000,0.619000,0.618000,0.619000,139000,0.000000,0.000000,0.000000
2023-06-09 00:00:00+08:00,0.619000,0.619000,0.619000,0.619000,0,0.000000,0.000000,0.000000
2023-06-12 00:00:00+08:00,0.620000,0.620000,0.620000,0.620000,90000,0.000000,0.000000,0.000000
2023-06-13 00:00:00+08:00,0.620000,0.620000,0.620000,0.620000,0,0.000000,0.000000,0.000000
2023-06-14 00:00:00+08:00,0.620000,0.620000,0.620000,0.620000,0,0.000000,0.000000,0.000000
2023-06-15 00:00:00+08:00,0.620000,0.620000,0.620000,0.620000,0,0.000000,0.000000,0.000000
2023-06-16 00:00:00+08:00,0.642000,0.642000,0.642000,0.642000,43000,0.000000,0.000000,0.000000
2023-06-19 00:00:00+08:00,0.636000,0.636000,0.636000,0.636000,88000,0.000000,0.000000,0.000000
2023-06-20 00:00:00+08:00,0.636000,0.636000,0.636000,0.636000,0,0.000000,0.000000,0.000000
2023-06-21 00:00:00+08:00,0.635000,0.635000,0.635000,0.635000,499,0.000000,0.000000,0.000000
2023-06-22 00:00:00+08:00,0.635000,0.635000,0.635000,0.635000,0,0.000000,0.000000,0.000000
2023-06-23 00:00:00+08:00,0.635000,0.635000,0.635000,0.635000,0,0.000000,0.000000,0.000000
2023-06-26 00:00:00+08:00,0.613000,0.613000,0.613000,0.613000,88000,0.000000,0.000000,0.000000
2023-06-27 00:00:00+08:00,0.613000,0.613000,0.613000,0.613000,0,0.000000,0.000000,0.000000
2023-06-28 00:00:00+08:00,0.613000,0.613000,0.613000,0.613000,0,0.000000,0.000000,0.000000
2023-06-30 00:00:00+08:00,0.613000,0.613000,0.613000,0.613000,0,0.000000,0.000000,0.000000
2023-07-03 00:00:00+08:00,0.628000,0.629000,0.628000,0.629000,270000,0.000000,0.000000,0.000000
2023-07-04 00:00:00+08:00,0.629000,0.629000,0.629000,0.629000,23500,0.000000,0.000000,0.000000
2023-07-05 00:00:00+08:00,0.629000,0.629000,0.629000,0.629000,0,0.000000,0.000000,0.000000
2023-07-06 00:00:00+08:00,0.629000,0.629000,0.629000,0.629000,0,0.000000,0.000000,0.000000
2023-07-07 00:00:00+08:00,0.629000,0.629000,0.629000,0.629000,0,0.000000,0.000000,0.000000
2023-07-10 00:00:00+08:00,0.614000,0.614000,0.614000,0.614000,90000,0.000000,0.000000,0.000000
2023-07-11 00:00:00+08:00,0.614000,0.614000,0.614000,0.614000,0,0.000000,0.000000,0.000000
2023-07-12 00:00:00+08:00,0.614000,0.614000,0.614000,0.614000,0,0.000000,0.000000,0.000000
2023-07-13 00:00:00+08:00,0.649000,0.653000,0.649000,0.652000,274299,0.000000,0.000000,0.000000
2023-07-14 00:00:00+08:00,0.652000,0.652000,0.652000,0.652000,0,0.000000,0.000000,0.000000
2023-07-17 00:00:00+08:00,0.652000,0.652000,0.652000,0.652000,0,0.000000,0.000000,0.000000
2023-07-18 00:00:00+08:00,0.653000,0.653000,0.653000,0.653000,4500,0.000000,0.000000,0.000000
2023-07-19 00:00:00+08:00,0.653000,0.653000,0.653000,0.653000,0,0.000000,0.000000,0.000000
2023-07-20 00:00:00+08:00,0.628000,0.629000,0.628000,0.629000,176000,0.000000,0.000000,0.000000
2023-07-21 00:00:00+08:00,0.629000,0.629000,0.629000,0.629000,0,0.000000,0.000000,0.000000
2023-07-24 00:00:00+08:00,0.629000,0.629000,0.629000,0.629000,0,0.000000,0.000000,0.000000
2023-07-25 00:00:00+08:00,0.629000,0.629000,0.629000,0.629000,0,0.000000,0.000000,0.000000
2023-07-26 00:00:00+08:00,0.629000,0.629000,0.629000,0.629000,0,0.000000,0.000000,0.000000
2023-07-27 00:00:00+08:00,0.633000,0.635000,0.632000,0.635000,328385,0.000000,0.000000,0.000000
2023-07-28 00:00:00+08:00,0.629000,0.629000,0.627000,0.627000,26025,0.000000,0.000000,0.000000
2023-07-31 00:00:00+08:00,0.627000,0.627000,0.627000,0.627000,0,0.000000,0.000000,0.000000
2023-08-01 00:00:00+08:00,0.623000,0.623000,0.623000,0.623000,88000,0.000000,0.000000,0.000000
2023-08-02 00:00:00+08:00,0.623000,0.623000,0.623000,0.623000,0,0.000000,0.000000,0.000000
2023-08-03 00:00:00+08:00,0.623000,0.623000,0.623000,0.623000,0,0.000000,0.000000,0.000000
2023-08-04 00:00:00+08:00,0.612000,0.612000,0.612000,0.612000,90000,0.000000,0.000000,0.000000
2023-08-07 00:00:00+08:00,0.610000,0.610000,0.610000,0.610000,500,0.000000,0.000000,0.000000
2023-08-08 00:00:00+08:00,0.610000,0.610000,0.610000,0.610000,0,0.000000,0.000000,0.000000
2023-08-10 00:00:00+08:00,0.610000,0.610000,0.610000,0.610000,0,0.000000,0.000000,0.000000
2023-08-11 00:00:00+08:00,0.610000,0.610000,0.610000,0.610000,0,0.000000,0.000000,0.000000
2023-08-14 00:00:00+08:00,0.594000,0.594000,0.594000,0.594000,1502,0.000000,0.000000,0.000000
2023-08-15 00:00:00+08:00,0.594000,0.594000,0.594000,0.594000,0,0.000000,0.000000,0.000000
2023-08-16 00:00:00+08:00,0.594000,0.594000,0.594000,0.594000,0,0.000000,0.000000,0.000000
2023-08-17 00:00:00+08:00,0.594000,0.594000,0.594000,0.594000,0,0.000000,0.000000,0.000000
2023-08-18 00:00:00+08:00,0.594000,0.594000,0.594000,0.594000,0,0.000000,0.000000,0.000000
2023-08-21 00:00:00+08:00,0.594000,0.594000,0.594000,0.594000,0,0.000000,0.000000,0.000000
2023-08-22 00:00:00+08:00,0.594000,0.594000,0.594000,0.594000,0,0.000000,0.000000,0.000000
2023-08-23 00:00:00+08:00,0.594000,0.594000,0.594000,0.594000,0,0.000000,0.000000,0.000000
2023-08-24 00:00:00+08:00,0.588000,0.588000,0.588000,0.588000,90000,0.000000,0.000000,0.000000
2023-08-25 00:00:00+08:00,0.588000,0.588000,0.588000,0.588000,0,0.000000,0.000000,0.000000
2023-08-28 00:00:00+08:00,0.588000,0.588000,0.588000,0.588000,0,0.000000,0.000000,0.000000
2023-08-29 00:00:00+08:00,0.588000,0.588000,0.588000,0.588000,0,0.000000,0.000000,0.000000
2023-08-30 00:00:00+08:00,0.599000,0.599000,0.599000,0.599000,2744,0.000000,0.000000,0.000000
2023-08-31 00:00:00+08:00,0.599000,0.599000,0.599000,0.599000,0,0.000000,0.000000,0.000000
2023-09-04 00:00:00+08:00,0.599000,0.599000,0.599000,0.599000,0,0.000000,0.000000,0.000000
2023-09-05 00:00:00+08:00,0.599000,0.599000,0.599000,0.599000,0,0.000000,0.000000,0.000000
2023-09-06 00:00:00+08:00,0.592000,0.592000,0.592000,0.592000,450,0.000000,0.000000,0.000000
2023-09-07 00:00:00+08:00,0.592000,0.592000,0.592000,0.592000,0,0.000000,0.000000,0.000000
2023-09-08 00:00:00+08:00,0.592000,0.592000,0.592000,0.592000,0,0.000000,0.000000,0.000000
2023-09-11 00:00:00+08:00,0.592000,0.592000,0.592000,0.592000,0,0.000000,0.000000,0.000000
2023-09-12 00:00:00+08:00,0.592000,0.592000,0.592000,0.592000,0,0.000000,0.000000,0.000000
2023-09-13 00:00:00+08:00,0.592000,0.592000,0.592000,0.592000,0,0.000000,0.000000,0.000000
2023-09-14 00:00:00+08:00,0.592000,0.592000,0.592000,0.592000,0,0.000000,0.000000,0.000000
2023-09-15 00:00:00+08:00,0.592000,0.592000,0.592000,0.592000,0,0.000000,0.000000,0.000000
2023-09-18 00:00:00+08:00,0.597000,0.597000,0.597000,0.597000,840,0.000000,0.000000,0.000000
2023-09-19 00:00:00+08:00,0.597000,0.597000,0.597000,0.597000,0,0.000000,0.000000,0.000000
2023-09-20 00:00:00+08:00,0.590000,0.590000,0.590000,0.590000,260,0.000000,0.000000,0.000000
2023-09-21 00:00:00+08:00,0.588000,0.588000,0.588000,0.588000,200,0.000000,0.000000,0.000000
2023-09-22 00:00:00+08:00,0.588000,0.588000,0.588000,0.588000,0,0.000000,0.000000,0.000000
2023-09-25 00:00:00+08:00,0.588000,0.588000,0.588000,0.588000,0,0.000000,0.000000,0.000000
2023-09-26 00:00:00+08:00,0.588000,0.588000,0.588000,0.588000,0,0.000000,0.000000,0.000000
2023-09-27 00:00:00+08:00,0.588000,0.588000,0.588000,0.588000,0,0.000000,0.000000,0.000000
2023-09-28 00:00:00+08:00,0.588000,0.588000,0.588000,0.588000,0,0.000000,0.000000,0.000000
2023-09-29 00:00:00+08:00,0.588000,0.588000,0.588000,0.588000,0,0.000000,0.000000,0.000000
2023-10-02 00:00:00+08:00,0.588000,0.588000,0.588000,0.588000,0,0.000000,0.000000,0.000000
2023-10-03 00:00:00+08:00,0.588000,0.588000,0.588000,0.588000,0,0.000000,0.000000,0.000000
2023-10-04 00:00:00+08:00,0.588000,0.588000,0.588000,0.588000,0,0.000000,0.000000,0.000000
2023-10-05 00:00:00+08:00,0.588000,0.588000,0.588000,0.588000,0,0.000000,0.000000,0.000000
2023-10-06 00:00:00+08:00,0.588000,0.588000,0.588000,0.588000,0,0.000000,0.000000,0.000000
2023-10-09 00:00:00+08:00,0.588000,0.588000,0.588000,0.588000,0,0.000000,0.000000,0.000000
2023-10-10 00:00:00+08:00,0.588000,0.588000,0.588000,0.588000,0,0.000000,0.000000,0.000000
2023-10-11 00:00:00+08:00,0.588000,0.588000,0.588000,0.588000,0,0.000000,0.000000,0.000000
2023-10-12 00:00:00+08:00,0.588000,0.588000,0.588000,0.588000,0,0.000000,0.000000,0.000000
2023-10-13 00:00:00+08:00,0.588000,0.588000,0.588000,0.588000,0,0.000000,0.000000,0.000000
2023-10-16 00:00:00+08:00,0.588000,0.588000,0.588000,0.588000,0,0.000000,0.000000,0.000000
2023-10-17 00:00:00+08:00,0.588000,0.588000,0.588000,0.588000,0,0.000000,0.000000,0.000000
2023-10-18 00:00:00+08:00,0.546000,0.546000,0.546000,0.546000,95000,0.000000,0.000000,0.000000
2023-10-19 00:00:00+08:00,0.531000,0.531000,0.531000,0.531000,88000,0.000000,0.000000,0.000000
2023-10-20 00:00:00+08:00,0.531000,0.531000,0.531000,0.531000,0,0.000000,0.000000,0.000000
2023-10-23 00:00:00+08:00,0.531000,0.531000,0.531000,0.531000,0,0.000000,0.000000,0.000000
2023-10-24 00:00:00+08:00,0.531000,0.531000,0.531000,0.531000,0,0.000000,0.000000,0.000000
2023-10-25 00:00:00+08:00,0.531000,0.531000,0.531000,0.531000,0,0.000000,0.000000,0.000000
2023-10-26 00:00:00+08:00,0.531000,0.531000,0.531000,0.531000,0,0.000000,0.000000,0.000000
2023-10-27 00:00:00+08:00,0.531000,0.531000,0.531000,0.531000,0,0.000000,0.000000,0.000000
2023-10-30 00:00:00+08:00,0.531000,0.531000,0.531000,0.531000,0,0.000000,0.000000,0.000000
2023-10-31 00:00:00+08:00,0.531000,0.531000,0.531000,0.531000,0,0.000000,0.000000,0.000000
2023-11-01 00:00:00+08:00,0.531000,0.531000,0.531000,0.531000,0,0.000000,0.000000,0.000000
2023-11-02 00:00:00+08:00,0.531000,0.531000,0.531000,0.531000,0,0.000000,0.000000,0.000000
2023-11-03 00:00:00+08:00,0.550000,0.550000,0.550000,0.550000,100,0.000000,0.000000,0.000000
2023-11-06 00:00:00+08:00,0.550000,0.550000,0.550000,0.550000,0,0.000000,0.000000,0.000000
2023-11-07 00:00:00+08:00,0.550000,0.550000,0.550000,0.550000,0,0.000000,0.000000,0.000000
2023-11-08 00:00:00+08:00,0.552000,0.552000,0.552000,0.552000,98000,0.000000,0.000000,0.000000
2023-11-09 00:00:00+08:00,0.556000,0.556000,0.556000,0.556000,100,0.000000,0.000000,0.000000
2023-11-10 00:00:00+08:00,0.547000,0.547000,0.547000,0.547000,16233,0.000000,0.000000,0.000000
2023-11-14 00:00:00+08:00,0.547000,0.547000,0.547000,0.547000,0,0.000000,0.000000,0.000000
2023-11-15 00:00:00+08:00,0.547000,0.547000,0.547000,0.547000,0,0.000000,0.000000,0.000000
2023-11-16 00:00:00+08:00,0.547000,0.547000,0.547000,0.547000,0,0.000000,0.000000,0.000000
2023-11-17 00:00:00+08:00,0.547000,0.547000,0.547000,0.547000,0,0.000000,0.000000,0.000000
2023-11-20 00:00:00+08:00,0.547000,0.547000,0.547000,0.547000,0,0.000000,0.000000,0.000000
2023-11-21 00:00:00+08:00,0.547000,0.547000,0.547000,0.547000,0,0.000000,0.000000,0.000000
2023-11-22 00:00:00+08:00,0.547000,0.547000,0.547000,0.547000,0,0.000000,0.000000,0.000000
2023-11-23 00:00:00+08:00,0.547000,0.547000,0.547000,0.547000,0,0.000000,0.000000,0.000000
2023-11-24 00:00:00+08:00,0.547000,0.547000,0.547000,0.547000,0,0.000000,0.000000,0.000000
2023-11-27 00:00:00+08:00,0.547000,0.547000,0.547000,0.547000,0,0.000000,0.000000,0.000000
2023-11-28 00:00:00+08:00,0.547000,0.547000,0.547000,0.547000,0,0.000000,0.000000,0.000000
2023-11-29 00:00:00+08:00,0.547000,0.547000,0.547000,0.547000,0,0.000000,0.000000,0.000000
2023-11-30 00:00:00+08:00,0.547000,0.547000,0.547000,0.547000,0,0.000000,0.000000,0.000000
2023-12-01 00:00:00+08:00,0.585000,0.585000,0.583000,0.583000,620,0.000000,0.000000,0.000000
2023-12-04 00:00:00+08:00,0.583000,0.583000,0.583000,0.583000,0,0.000000,0.000000,0.000000
2023-12-05 00:00:00+08:00,0.583000,0.583000,0.583000,0.583000,0,0.000000,0.000000,0.000000
2023-12-06 00:00:00+08:00,0.583000,0.583000,0.583000,0.583000,0,0.000000,0.000000,0.000000
2023-12-07 00:00:00+08:00,0.583000,0.583000,0.583000,0.583000,0,0.000000,0.000000,0.000000
2023-12-08 00:00:00+08:00,0.596000,0.596000,0.596000,0.596000,285000,0.000000,0.000000,0.000000
2023-12-11 00:00:00+08:00,0.594000,0.594000,0.594000,0.594000,14930,0.000000,0.000000,0.000000
2023-12-12 00:00:00+08:00,0.598000,0.598000,0.598000,0.598000,1000,0.000000,0.000000,0.000000
2023-12-13 00:00:00+08:00,0.598000,0.598000,0.598000,0.598000,0,0.000000,0.000000,0.000000
2023-12-14 00:00:00+08:00,0.618000,0.624000,0.618000,0.624000,275000,0.000000,0.000000,0.000000
2023-12-15 00:00:00+08:00,0.624000,0.624000,0.624000,0.624000,0,0.000000,0.000000,0.000000
2023-12-18 00:00:00+08:00,0.624000,0.624000,0.624000,0.624000,0,0.000000,0.000000,0.000000
2023-12-19 00:00:00+08:00,0.624000,0.624000,0.624000,0.624000,0,0.000000,0.000000,0.000000
2023-12-20 00:00:00+08:00,0.615000,0.615000,0.615000,0.615000,1,0.000000,0.000000,0.000000
2023-12-21 00:00:00+08:00,0.612000,0.612000,0.612000,0.612000,1100,0.000000,0.000000,0.000000
2023-12-22 00:00:00+08:00,0.612000,0.612000,0.612000,0.612000,0,0.000000,0.000000,0.000000
2023-12-26 00:00:00+08:00,0.612000,0.612000,0.612000,0.612000,0,0.000000,0.000000,0.000000
2023-12-27 00:00:00+08:00,0.628000,0.628000,0.628000,0.628000,84000,0.000000,0.000000,0.000000
2023-12-28 00:00:00+08:00,0.630000,0.634000,0.630000,0.634000,105000,0.000000,0.000000,0.000000
2023-12-29 00:00:00+08:00,0.634000,0.634000,0.634000,0.634000,0,0.000000,0.000000,0.000000
2024-01-02 00:00:00+08:00,0.634000,0.634000,0.634000,0.634000,0,0.000000,0.000000,0.000000
2024-01-03 00:00:00+08:00,0.628000,0.628000,0.627000,0.627000,84484,0.000000,0.000000,0.000000
2024-01-04 00:00:00+08:00,0.627000,0.627000,0.627000,0.627000,0,0.000000,0.000000,0.000000
2024-01-05 00:00:00+08:00,0.616000,0.616000,0.616000,0.616000,38900,0.000000,0.000000,0.000000
2024-01-08 00:00:00+08:00,0.616000,0.616000,0.616000,0.616000,0,0.000000,0.000000,0.000000
2024-01-09 00:00:00+08:00,0.620000,0.622000,0.620000,0.622000,85100,0.000000,0.000000,0.000000
2024-01-10 00:00:00+08:00,0.616000,0.616000,0.616000,0.616000,86000,0.000000,0.000000,0.000000
2024-01-11 00:00:00+08:00,0.616000,0.616000,0.616000,0.616000,0,0.000000,0.000000,0.000000
2024-01-12 00:00:00+08:00,0.616000,0.616000,0.616000,0.616000,0,0.000000,0.000000,0.000000
2024-01-15 00:00:00+08:00,0.616000,0.616000,0.616000,0.616000,0,0.000000,0.000000,0.000000
2024-01-16 00:00:00+08:00,0.616000,0.616000,0.616000,0.616000,0,0.000000,0.000000,0.000000
2024-01-17 00:00:00+08:00,0.616000,0.616000,0.616000,0.616000,0,0.000000,0.000000,0.000000
2024-01-18 00:00:00+08:00,0.616000,0.616000,0.616000,0.616000,0,0.000000,0.000000,0.000000
2024-01-19 00:00:00+08:00,0.616000,0.616000,0.616000,0.616000,0,0.000000,0.000000,0.000000
2024-01-22 00:00:00+08:00,0.616000,0.616000,0.616000,0.616000,0,0.000000,0.000000,0.000000
2024-01-23 00:00:00+08:00,0.580000,0.580000,0.580000,0.580000,300,0.000000,0.000000,0.000000
2024-01-24 00:00:00+08:00,0.580000,0.580000,0.580000,0.580000,0,0.000000,0.000000,0.000000
2024-01-25 00:00:00+08:00,0.580000,0.580000,0.580000,0.580000,0,0.000000,0.000000,0.000000
2024-01-26 00:00:00+08:00,0.572000,0.572000,0.572000,0.572000,92000,0.000000,0.000000,0.000000
2024-01-29 00:00:00+08:00,0.572000,0.572000,0.572000,0.572000,0,0.000000,0.000000,0.000000
2024-01-30 00:00:00+08:00,0.572000,0.572000,0.572000,0.572000,0,0.000000,0.000000,0.000000
